<?xml version="1.0" encoding="UTF-8" ?>
<!DOCTYPE mapper PUBLIC "-//mybatis.org//DTD Mapper 3.0//EN" "http://mybatis.org/dtd/mybatis-3-mapper.dtd" >
<mapper namespace="br.com.axxiom.ped435.model.dao.dbped435.dbo.TclienteMedidorMapper" >
  <resultMap id="BaseResultMap" type="br.com.axxiom.ped435.model.entidade.dbped435.dbo.TclienteMedidor" >
    <constructor >
      <idArg column="COD_CLIENTE" jdbcType="INTEGER" javaType="java.lang.Integer" />
      <idArg column="COD_MEDIDOR" jdbcType="VARCHAR" javaType="java.lang.String" />
    </constructor>
  </resultMap>
  <delete id="deleteByPrimaryKey" parameterType="map" >
    delete from DBPED435.dbo.TCLIENTE_MEDIDOR
    where COD_CLIENTE = #{codCliente,jdbcType=INTEGER}
      and COD_MEDIDOR = #{codMedidor,jdbcType=VARCHAR}
  </delete>
  <insert id="insert" parameterType="br.com.axxiom.ped435.model.entidade.dbped435.dbo.TclienteMedidor" >
    insert into DBPED435.dbo.TCLIENTE_MEDIDOR (COD_CLIENTE, COD_MEDIDOR)
    values (#{codCliente,jdbcType=INTEGER}, #{codMedidor,jdbcType=VARCHAR})
  </insert>
  <insert id="insertSelective" parameterType="br.com.axxiom.ped435.model.entidade.dbped435.dbo.TclienteMedidor" >
    insert into DBPED435.dbo.TCLIENTE_MEDIDOR
    <trim prefix="(" suffix=")" suffixOverrides="," >
      <if test="codCliente != null" >
        COD_CLIENTE,
      </if>
      <if test="codMedidor != null" >
        COD_MEDIDOR,
      </if>
    </trim>
    <trim prefix="values (" suffix=")" suffixOverrides="," >
      <if test="codCliente != null" >
        #{codCliente,jdbcType=INTEGER},
      </if>
      <if test="codMedidor != null" >
        #{codMedidor,jdbcType=VARCHAR},
      </if>
    </trim>
  </insert>
</mapper>