<?xml version="1.0" encoding="UTF-8" ?>
<!DOCTYPE mapper PUBLIC "-//mybatis.org//DTD Mapper 3.0//EN" "http://mybatis.org/dtd/mybatis-3-mapper.dtd" >
<mapper namespace="br.com.axxiom.ped435.model.dao.dbped435.dbo.TclienteMapper" >
  <resultMap id="BaseResultMap" type="br.com.axxiom.ped435.model.entidade.dbped435.dbo.Tcliente" >
    <constructor >
      <idArg column="COD_CLIENTE" jdbcType="INTEGER" javaType="java.lang.Integer" />
      <arg column="NUM_INSTALACAO" jdbcType="VARCHAR" javaType="java.lang.String" />
      <arg column="VAL_CONST_PERDAS" jdbcType="DOUBLE" javaType="java.lang.Double" />
    </constructor>
  </resultMap>
  <resultMap type="java.lang.Integer" id="BaseInteger"></resultMap>
  <resultMap type="java.lang.String" id="BaseArrayString">
  	<result property="numInstalacao" column="num_instalacao" jdbcType="VARCHAR" javaType="java.lang.String"/>
  </resultMap>
  <sql id="Base_Column_List" >
    COD_CLIENTE, NUM_INSTALACAO, VAL_CONST_PERDAS
  </sql>
  <select id="selectByPrimaryKey" resultMap="BaseResultMap" parameterType="java.lang.Integer" >
    select 'false' as QUERYID,
    <include refid="Base_Column_List" />
    from DBPED435.dbo.TCLIENTE
    where COD_CLIENTE = #{codCliente,jdbcType=INTEGER}
  </select>
  <select id="selectLastPrimaryKey" resultMap="BaseInteger">
  	select max(cod_cliente) from DBPED435.dbo.TCLIENTE 
  </select>
  <select id="selectListClientesAprovadosRevisaoTarifaria" resultMap="BaseArrayString" >
  	select NUM_INSTALACAO from DBCON435.dbo.TCONS_REV_TARIFARIA where UPPER(DES_SITUACAO) = 'APROVADO' 
  </select> 
  <delete id="deleteByPrimaryKey" parameterType="java.lang.Integer" >
    delete from DBPED435.dbo.TCLIENTE
    where COD_CLIENTE = #{codCliente,jdbcType=INTEGER}
  </delete>
  <insert id="insert" parameterType="br.com.axxiom.ped435.model.entidade.dbped435.dbo.Tcliente" >
    insert into DBPED435.dbo.TCLIENTE (COD_CLIENTE, NUM_INSTALACAO, VAL_CONST_PERDAS
      )
    values (#{codCliente,jdbcType=INTEGER}, #{numInstalacao,jdbcType=VARCHAR}, #{valConstPerdas,jdbcType=DOUBLE}
      )
  </insert>
  <insert id="insertSelective" parameterType="br.com.axxiom.ped435.model.entidade.dbped435.dbo.Tcliente" >
    insert into DBPED435.dbo.TCLIENTE
    <trim prefix="(" suffix=")" suffixOverrides="," >
      <if test="codCliente != null" >
        COD_CLIENTE,
      </if>
      <if test="numInstalacao != null" >
        NUM_INSTALACAO,
      </if>
      <if test="valConstPerdas != null" >
        VAL_CONST_PERDAS,
      </if>
    </trim>
    <trim prefix="values (" suffix=")" suffixOverrides="," >
      <if test="codCliente != null" >
        #{codCliente,jdbcType=INTEGER},
      </if>
      <if test="numInstalacao != null" >
        #{numInstalacao,jdbcType=VARCHAR},
      </if>
      <if test="valConstPerdas != null" >
        #{valConstPerdas,jdbcType=DOUBLE},
      </if>
    </trim>
  </insert>
  <update id="updateByPrimaryKeySelective" parameterType="br.com.axxiom.ped435.model.entidade.dbped435.dbo.Tcliente" >
    update DBPED435.dbo.TCLIENTE
    <set >
      <if test="numInstalacao != null" >
        NUM_INSTALACAO = #{numInstalacao,jdbcType=VARCHAR},
      </if>
      <if test="valConstPerdas != null" >
        VAL_CONST_PERDAS = #{valConstPerdas,jdbcType=DOUBLE},
      </if>
    </set>
    where COD_CLIENTE = #{codCliente,jdbcType=INTEGER}
  </update>
  <update id="updateByPrimaryKey" parameterType="br.com.axxiom.ped435.model.entidade.dbped435.dbo.Tcliente" >
    update DBPED435.dbo.TCLIENTE
    set NUM_INSTALACAO = #{numInstalacao,jdbcType=VARCHAR},
      VAL_CONST_PERDAS = #{valConstPerdas,jdbcType=DOUBLE}
    where COD_CLIENTE = #{codCliente,jdbcType=INTEGER}
  </update>
</mapper>