<?xml version="1.0" encoding="UTF-8" ?>
<!DOCTYPE mapper PUBLIC "-//mybatis.org//DTD Mapper 3.0//EN" "http://mybatis.org/dtd/mybatis-3-mapper.dtd" >
<mapper namespace="br.com.axxiom.ped435.model.dao.dbped435.dbo.TequipamentoMapper" >
  <resultMap id="BaseResultMap" type="br.com.axxiom.ped435.model.entidade.dbped435.dbo.Tequipamento" >
    <constructor >
      <idArg column="COD_EQUIPAMENTO" jdbcType="INTEGER" javaType="java.lang.Integer" />
      <arg column="COD_MEDIDOR" jdbcType="VARCHAR" javaType="java.lang.String" />
      <arg column="NOM_SISTEMA_ORIGEM" jdbcType="VARCHAR" javaType="java.lang.String" />
    </constructor>
  </resultMap>
  <sql id="Base_Column_List" >
    COD_EQUIPAMENTO, COD_MEDIDOR, NOM_SISTEMA_ORIGEM
  </sql>
  <select id="selectByPrimaryKey" resultMap="BaseResultMap" parameterType="java.lang.Integer" >
    select 'false' as QUERYID,
    <include refid="Base_Column_List" />
    from DBPED435.dbo.TEQUIPAMENTO
    where COD_EQUIPAMENTO = #{codEquipamento,jdbcType=INTEGER}
  </select>
  <delete id="deleteByPrimaryKey" parameterType="java.lang.Integer" >
    delete from DBPED435.dbo.TEQUIPAMENTO
    where COD_EQUIPAMENTO = #{codEquipamento,jdbcType=INTEGER}
  </delete>
  <insert id="insert" parameterType="br.com.axxiom.ped435.model.entidade.dbped435.dbo.Tequipamento" >
    insert into DBPED435.dbo.TEQUIPAMENTO (COD_EQUIPAMENTO, COD_MEDIDOR, NOM_SISTEMA_ORIGEM
      )
    values (#{codEquipamento,jdbcType=INTEGER}, #{codMedidor,jdbcType=VARCHAR}, #{nomSistemaOrigem,jdbcType=VARCHAR}
      )
  </insert>
  <insert id="insertSelective" parameterType="br.com.axxiom.ped435.model.entidade.dbped435.dbo.Tequipamento" >
    insert into DBPED435.dbo.TEQUIPAMENTO
    <trim prefix="(" suffix=")" suffixOverrides="," >
      <if test="codEquipamento != null" >
        COD_EQUIPAMENTO,
      </if>
      <if test="codMedidor != null" >
        COD_MEDIDOR,
      </if>
      <if test="nomSistemaOrigem != null" >
        NOM_SISTEMA_ORIGEM,
      </if>
    </trim>
    <trim prefix="values (" suffix=")" suffixOverrides="," >
      <if test="codEquipamento != null" >
        #{codEquipamento,jdbcType=INTEGER},
      </if>
      <if test="codMedidor != null" >
        #{codMedidor,jdbcType=VARCHAR},
      </if>
      <if test="nomSistemaOrigem != null" >
        #{nomSistemaOrigem,jdbcType=VARCHAR},
      </if>
    </trim>
  </insert>
  <update id="updateByPrimaryKeySelective" parameterType="br.com.axxiom.ped435.model.entidade.dbped435.dbo.Tequipamento" >
    update DBPED435.dbo.TEQUIPAMENTO
    <set >
      <if test="codMedidor != null" >
        COD_MEDIDOR = #{codMedidor,jdbcType=VARCHAR},
      </if>
      <if test="nomSistemaOrigem != null" >
        NOM_SISTEMA_ORIGEM = #{nomSistemaOrigem,jdbcType=VARCHAR},
      </if>
    </set>
    where COD_EQUIPAMENTO = #{codEquipamento,jdbcType=INTEGER}
  </update>
  <update id="updateByPrimaryKey" parameterType="br.com.axxiom.ped435.model.entidade.dbped435.dbo.Tequipamento" >
    update DBPED435.dbo.TEQUIPAMENTO
    set COD_MEDIDOR = #{codMedidor,jdbcType=VARCHAR},
      NOM_SISTEMA_ORIGEM = #{nomSistemaOrigem,jdbcType=VARCHAR}
    where COD_EQUIPAMENTO = #{codEquipamento,jdbcType=INTEGER}
  </update>
</mapper>