<?xml version="1.0" encoding="UTF-8" ?>
<!DOCTYPE mapper PUBLIC "-//mybatis.org//DTD Mapper 3.0//EN" "http://mybatis.org/dtd/mybatis-3-mapper.dtd" >
<mapper namespace="br.com.axxiom.ped435.model.dao.dbped435.dbo.TferiadoMapper" >
  <resultMap id="BaseResultMap" type="br.com.axxiom.ped435.model.entidade.dbped435.dbo.Tferiado" >
    <constructor >
      <idArg column="COD_FERIADO" jdbcType="INTEGER" javaType="java.lang.Integer" />
      <arg column="DAT_FERIADO" jdbcType="TIMESTAMP" javaType="java.util.Date" />
      <arg column="DES_FERIADO" jdbcType="VARCHAR" javaType="java.lang.String" />
      <arg column="TIP_FERIADO" jdbcType="VARCHAR" javaType="java.lang.String" />
    </constructor>
  </resultMap>
  <sql id="Base_Column_List" >
    COD_FERIADO, DAT_FERIADO, DES_FERIADO, TIP_FERIADO
  </sql>
  <select id="selectByPrimaryKey" resultMap="BaseResultMap" parameterType="java.lang.Integer" >
    select 'false' as QUERYID,
    <include refid="Base_Column_List" />
    from DBPED435.dbo.TFERIADO
    where COD_FERIADO = #{codFeriado,jdbcType=INTEGER}
  </select>
  <delete id="deleteByPrimaryKey" parameterType="java.lang.Integer" >
    delete from DBPED435.dbo.TFERIADO
    where COD_FERIADO = #{codFeriado,jdbcType=INTEGER}
  </delete>
  <insert id="insert" parameterType="br.com.axxiom.ped435.model.entidade.dbped435.dbo.Tferiado" >
    insert into DBPED435.dbo.TFERIADO (COD_FERIADO, DAT_FERIADO, DES_FERIADO, 
      TIP_FERIADO)
    values (#{codFeriado,jdbcType=INTEGER}, #{datFeriado,jdbcType=TIMESTAMP}, #{desFeriado,jdbcType=VARCHAR}, 
      #{tipFeriado,jdbcType=VARCHAR})
  </insert>
  <insert id="insertSelective" parameterType="br.com.axxiom.ped435.model.entidade.dbped435.dbo.Tferiado" >
    insert into DBPED435.dbo.TFERIADO
    <trim prefix="(" suffix=")" suffixOverrides="," >
      <if test="codFeriado != null" >
        COD_FERIADO,
      </if>
      <if test="datFeriado != null" >
        DAT_FERIADO,
      </if>
      <if test="desFeriado != null" >
        DES_FERIADO,
      </if>
      <if test="tipFeriado != null" >
        TIP_FERIADO,
      </if>
    </trim>
    <trim prefix="values (" suffix=")" suffixOverrides="," >
      <if test="codFeriado != null" >
        #{codFeriado,jdbcType=INTEGER},
      </if>
      <if test="datFeriado != null" >
        #{datFeriado,jdbcType=TIMESTAMP},
      </if>
      <if test="desFeriado != null" >
        #{desFeriado,jdbcType=VARCHAR},
      </if>
      <if test="tipFeriado != null" >
        #{tipFeriado,jdbcType=VARCHAR},
      </if>
    </trim>
  </insert>
  <update id="updateByPrimaryKeySelective" parameterType="br.com.axxiom.ped435.model.entidade.dbped435.dbo.Tferiado" >
    update DBPED435.dbo.TFERIADO
    <set >
      <if test="datFeriado != null" >
        DAT_FERIADO = #{datFeriado,jdbcType=TIMESTAMP},
      </if>
      <if test="desFeriado != null" >
        DES_FERIADO = #{desFeriado,jdbcType=VARCHAR},
      </if>
      <if test="tipFeriado != null" >
        TIP_FERIADO = #{tipFeriado,jdbcType=VARCHAR},
      </if>
    </set>
    where COD_FERIADO = #{codFeriado,jdbcType=INTEGER}
  </update>
  <update id="updateByPrimaryKey" parameterType="br.com.axxiom.ped435.model.entidade.dbped435.dbo.Tferiado" >
    update DBPED435.dbo.TFERIADO
    set DAT_FERIADO = #{datFeriado,jdbcType=TIMESTAMP},
      DES_FERIADO = #{desFeriado,jdbcType=VARCHAR},
      TIP_FERIADO = #{tipFeriado,jdbcType=VARCHAR}
    where COD_FERIADO = #{codFeriado,jdbcType=INTEGER}
  </update>
</mapper>