<?xml version="1.0" encoding="UTF-8" ?>
<!DOCTYPE mapper PUBLIC "-//mybatis.org//DTD Mapper 3.0//EN" "http://mybatis.org/dtd/mybatis-3-mapper.dtd" >
<mapper
	namespace="br.com.axxiom.ped435.model.dao.dbped435.dbo.TformatoMedicaoMapper">
	<resultMap id="BaseResultMap"
		type="br.com.axxiom.ped435.model.entidade.dbped435.dbo.TformatoMedicao">
		<constructor>
			<idArg column="COD_FORMATO_MEDICAO" jdbcType="INTEGER"
				javaType="java.lang.Integer" />
			<arg column="DES_FORMATO_MEDICAO" jdbcType="VARCHAR" javaType="java.lang.String" />
			<arg column="TIP_FORMATO_MEDICAO" jdbcType="VARCHAR" javaType="java.lang.String" />
		</constructor>
	</resultMap>
	<resultMap type="java.lang.Integer" id="BaseInteger"></resultMap>
	<sql id="Base_Column_List">
		COD_FORMATO_MEDICAO, DES_FORMATO_MEDICAO, TIP_FORMATO_MEDICAO
	</sql>
	<select id="selectByPrimaryKey" resultMap="BaseResultMap"
		parameterType="java.lang.Integer">
		select 'false' as QUERYID,
		<include refid="Base_Column_List" />
		from DBPED435.dbo.TFORMATO_MEDICAO
		where COD_FORMATO_MEDICAO = #{codFormatoMedicao,jdbcType=INTEGER}
	</select>
	<select id="selectLastPrimaryKey" resultMap="BaseInteger"
		parameterType="java.lang.Integer">
		select max(COD_FORMATO_MEDICAO)
		from DBPED435.dbo.TFORMATO_MEDICAO
	</select>
	<delete id="deleteByPrimaryKey" parameterType="java.lang.Integer">
		delete from DBPED435.dbo.TFORMATO_MEDICAO
		where COD_FORMATO_MEDICAO = #{codFormatoMedicao,jdbcType=INTEGER}
	</delete>
	<insert id="insert"
		parameterType="br.com.axxiom.ped435.model.entidade.dbped435.dbo.TformatoMedicao">
		insert into DBPED435.dbo.TFORMATO_MEDICAO (COD_FORMATO_MEDICAO,
		DES_FORMATO_MEDICAO, TIP_FORMATO_MEDICAO)
		values (#{codFormatoMedicao,jdbcType=INTEGER},
		#{desFormatoMedicao,jdbcType=VARCHAR},
		#{tipFormatoMedicao,jdbcType=VARCHAR})
	</insert>
	<insert id="insertSelective"
		parameterType="br.com.axxiom.ped435.model.entidade.dbped435.dbo.TformatoMedicao">
		insert into DBPED435.dbo.TFORMATO_MEDICAO
		<trim prefix="(" suffix=")" suffixOverrides=",">
			<if test="codFormatoMedicao != null">
				COD_FORMATO_MEDICAO,
			</if>
			<if test="desFormatoMedicao != null">
				DES_FORMATO_MEDICAO,
			</if>
			<if test="tipFormatoMedicao != null">
				TIP_FORMATO_MEDICAO,
			</if>
		</trim>
		<trim prefix="values (" suffix=")" suffixOverrides=",">
			<if test="codFormatoMedicao != null">
				#{codFormatoMedicao,jdbcType=INTEGER},
			</if>
			<if test="desFormatoMedicao != null">
				#{desFormatoMedicao,jdbcType=VARCHAR},
			</if>
			<if test="tipFormatoMedicao != null">
				#{tipFormatoMedicao,jdbcType=VARCHAR},
			</if>
		</trim>
	</insert>
	<update id="updateByPrimaryKeySelective"
		parameterType="br.com.axxiom.ped435.model.entidade.dbped435.dbo.TformatoMedicao">
		update DBPED435.dbo.TFORMATO_MEDICAO
		<set>
			<if test="desFormatoMedicao != null">
				DES_FORMATO_MEDICAO = #{desFormatoMedicao,jdbcType=VARCHAR},
			</if>
			<if test="tipFormatoMedicao != null">
				TIP_FORMATO_MEDICAO = #{tipFormatoMedicao,jdbcType=VARCHAR},
			</if>
		</set>
		where COD_FORMATO_MEDICAO = #{codFormatoMedicao,jdbcType=INTEGER}
	</update>
	<update id="updateByPrimaryKey"
		parameterType="br.com.axxiom.ped435.model.entidade.dbped435.dbo.TformatoMedicao">
		update DBPED435.dbo.TFORMATO_MEDICAO
		set DES_FORMATO_MEDICAO = #{desFormatoMedicao,jdbcType=VARCHAR},
		TIP_FORMATO_MEDICAO = #{tipFormatoMedicao,jdbcType=VARCHAR}
		where COD_FORMATO_MEDICAO = #{codFormatoMedicao,jdbcType=INTEGER}
	</update>
</mapper>