<?xml version="1.0" encoding="UTF-8" ?>
<!DOCTYPE mapper PUBLIC "-//mybatis.org//DTD Mapper 3.0//EN" "http://mybatis.org/dtd/mybatis-3-mapper.dtd" >
<mapper namespace="br.com.axxiom.ped435.model.dao.dbped435.dbo.TgrandezaMapper" >
  <resultMap id="BaseResultMap" type="br.com.axxiom.ped435.model.entidade.dbped435.dbo.Tgrandeza" >
    <constructor >
      <idArg column="COD_GRANDEZA" jdbcType="INTEGER" javaType="java.lang.Integer" />
      <arg column="SIG_GRANDEZA" jdbcType="VARCHAR" javaType="java.lang.String" />
      <arg column="DES_GRANDEZA" jdbcType="VARCHAR" javaType="java.lang.String" />      
    </constructor>
  </resultMap>
  <resultMap type="java.lang.Integer" id="BaseInteger"></resultMap>
  <sql id="Base_Column_List" >
    COD_GRANDEZA, SIG_GRANDEZA, DES_GRANDEZA
  </sql>
  <select id="selectByPrimaryKey" resultMap="BaseResultMap" parameterType="java.lang.Integer" >
    select 'false' as QUERYID,
    <include refid="Base_Column_List" />
    from DBPED435.dbo.TGRANDEZA
    where COD_GRANDEZA = #{codGrandeza,jdbcType=INTEGER}
  </select>
  <select id="selectLastPrimaryKey" resultMap="BaseInteger">
    select max(cod_grandeza)    
    from DBPED435.dbo.TGRANDEZA
  </select>  
  <delete id="deleteByPrimaryKey" parameterType="java.lang.Integer" >
    delete from DBPED435.dbo.TGRANDEZA
    where COD_GRANDEZA = #{codGrandeza,jdbcType=INTEGER}
  </delete>
  <insert id="insert" parameterType="br.com.axxiom.ped435.model.entidade.dbped435.dbo.Tgrandeza" >
    insert into DBPED435.dbo.TGRANDEZA (COD_GRANDEZA, SIG_GRANDEZA, DES_GRANDEZA)
    values (#{codGrandeza,jdbcType=INTEGER}, #{sigGrandeza,jdbcType=VARCHAR}, #{desGrandeza,jdbcType=VARCHAR})
  </insert>
  <insert id="insertSelective" parameterType="br.com.axxiom.ped435.model.entidade.dbped435.dbo.Tgrandeza" >
    insert into DBPED435.dbo.TGRANDEZA
    <trim prefix="(" suffix=")" suffixOverrides="," >
      <if test="codGrandeza != null" >
        COD_GRANDEZA,
      </if>
      <if test="sigGrandeza != null" >
        SIG_GRANDEZA,
      </if>
      <if test="desGrandeza != null" >
        DES_GRANDEZA,
      </if>      
    </trim>
    <trim prefix="values (" suffix=")" suffixOverrides="," >
      <if test="codGrandeza != null" >
        #{codGrandeza,jdbcType=INTEGER},
      </if>
      <if test="sigGrandeza != null" >
        #{sigGrandeza,jdbcType=VARCHAR},
      </if>
      <if test="desGrandeza != null" >
        #{desGrandeza,jdbcType=VARCHAR},
      </if>      
    </trim>
  </insert>
  <update id="updateByPrimaryKeySelective" parameterType="br.com.axxiom.ped435.model.entidade.dbped435.dbo.Tgrandeza" >
    update DBPED435.dbo.TGRANDEZA
    <set >
      <if test="sigGrandeza != null" >
        SIG_GRANDEZA = #{sigGrandeza,jdbcType=VARCHAR},
      </if>
      <if test="desGrandeza != null" >
        DES_GRANDEZA = #{desGrandeza,jdbcType=VARCHAR},
      </if>
    </set>
    where COD_GRANDEZA = #{codGrandeza,jdbcType=INTEGER}
  </update>
  <update id="updateByPrimaryKey" parameterType="br.com.axxiom.ped435.model.entidade.dbped435.dbo.Tgrandeza" >
    update DBPED435.dbo.TGRANDEZA
    set SIG_GRANDEZA = #{sigGrandeza,jdbcType=VARCHAR},
      DES_GRANDEZA = #{desGrandeza,jdbcType=VARCHAR},      
    where COD_GRANDEZA = #{codGrandeza,jdbcType=INTEGER}
  </update>
</mapper>