<?xml version="1.0" encoding="UTF-8" ?>
<!DOCTYPE mapper PUBLIC "-//mybatis.org//DTD Mapper 3.0//EN" "http://mybatis.org/dtd/mybatis-3-mapper.dtd" >
<mapper namespace="br.com.axxiom.ped435.model.dao.dbped435.dbo.TmedicaoMapper" >
  <resultMap id="BaseResultMap" type="br.com.axxiom.ped435.model.entidade.dbped435.dbo.Tmedicao" >
    <constructor >
      <idArg column="COD_MEDICAO" jdbcType="BIGINT" javaType="java.lang.Long" />
      <arg column="COD_MEDIDOR" jdbcType="VARCHAR" javaType="java.lang.String" />
      <arg column="COD_FORMATO_MEDICAO" jdbcType="INTEGER" javaType="java.lang.Integer" />
      <arg column="DAT_MEDICAO" jdbcType="DATE" javaType="java.util.Date" />
      <arg column="DAT_GRAVACAO" jdbcType="DATE" javaType="java.util.Date" />
      <arg column="NOM_ORIGEM_INFORMACAO" jdbcType="VARCHAR" javaType="java.lang.String" />
      <arg column="COD_SITUACAO_MEDICAO" jdbcType="INTEGER" javaType="java.lang.Integer" />
      <arg column="VAL_MEDICAO" jdbcType="VARCHAR" javaType="java.lang.String" />
    </constructor>
  </resultMap>
  <resultMap type="java.lang.Long" id="BaseLong"></resultMap>
  <sql id="Base_Column_List" >
    COD_MEDICAO, COD_MEDIDOR, COD_FORMATO_MEDICAO, DAT_MEDICAO, DAT_GRAVACAO, NOM_ORIGEM_INFORMACAO, 
    VAL_MEDICAO
  </sql>
  <select id="selectByPrimaryKey" resultMap="BaseResultMap" parameterType="java.lang.Long" >
    select 'false' as QUERYID,
    <include refid="Base_Column_List" />
    from DBPED435.dbo.TMEDICAO
    where COD_MEDICAO = #{codMedicao,jdbcType=BIGINT}
  </select>
  <select id="selectLastPrimaryKey" resultMap="BaseLong">
    select max(COD_MEDICAO)    
    from DBPED435.dbo.TMEDICAO
  </select>
  <select id="selectListByNumInstalacao" resultMap="BaseResultMap" parameterType="java.lang.String">
	select 'false' as QUERYID,
	<include refid="Base_Column_List" />
    from DBPED435.dbo.TMEDICAO
    inner join DBPED435.dbo.TMEDIDOR ON inner join DBPED435.dbo.TMEDIDOR.COD_MEDIDOR = DBPED435.dbo.TMEDICAO.COD_MEDIDOR
    inner join DBPED435.dbo.TCLIENTE_MEDIDOR.COD_MEDIDOR = DBPED435.dbo.TMEDIDOR.COD_MEDIDOR
    inner join DBPED435.dbo.TCLIENTE_MEDIDOR.COD_CLIENTE = DBPED435.dbo.TCLIENTE.COD_CLIENTE    
    where DBPED435.dbo.TCLIENTE.NUM_INSTALACAO = #{numInstalacao,jdbcType=VARCHAR}  
  </select>
  <delete id="deleteByPrimaryKey" parameterType="java.lang.Long" >
    delete from DBPED435.dbo.TMEDICAO
    where COD_MEDICAO = #{codMedicao,jdbcType=BIGINT}
  </delete>
  <insert id="insert" parameterType="br.com.axxiom.ped435.model.entidade.dbped435.dbo.Tmedicao" >
    insert into DBPED435.dbo.TMEDICAO (COD_MEDICAO, COD_MEDIDOR, COD_FORMATO_MEDICAO, 
      DAT_MEDICAO, DAT_GRAVACAO, NOM_ORIGEM_INFORMACAO, COD_SITUACAO_MEDICAO,
      VAL_MEDICAO)
    values (#{codMedicao,jdbcType=BIGINT}, #{codMedidor,jdbcType=VARCHAR}, #{codFormatoMedicao,jdbcType=INTEGER}, 
      #{datMedicao,jdbcType=DATE}, #{datGravacao,jdbcType=DATE}, #{nomOrigemInformacao,jdbcType=VARCHAR}, 
      #{codSituacaoMedicao,jdbcType=INTEGER}, #{valMedicao,jdbcType=VARCHAR})
  </insert>
  <insert id="insertSelective" parameterType="br.com.axxiom.ped435.model.entidade.dbped435.dbo.Tmedicao" >
    insert into DBPED435.dbo.TMEDICAO
    <trim prefix="(" suffix=")" suffixOverrides="," >
      <if test="codMedicao != null" >
        COD_MEDICAO,
      </if>
      <if test="codMedidor != null" >
        COD_MEDIDOR,
      </if>
      <if test="codFormatoMedicao != null" >
        COD_FORMATO_MEDICAO,
      </if>
      <if test="datMedicao != null" >
        DAT_MEDICAO,
      </if>
      <if test="datGravacao != null" >
        DAT_GRAVACAO,
      </if>
      <if test="nomOrigemInformacao != null" >
        NOM_ORIGEM_INFORMACAO,
      </if>
      <if test="codSituacaoMedicao != null" >
        COD_SITUACAO_MEDICAO,
      </if>
      <if test="valMedicao != null" >
        VAL_MEDICAO,
      </if>
    </trim>
    <trim prefix="values (" suffix=")" suffixOverrides="," >
      <if test="codMedicao != null" >
        #{codMedicao,jdbcType=BIGINT},
      </if>
      <if test="codMedidor != null" >
        #{codMedidor,jdbcType=VARCHAR},
      </if>
      <if test="codFormatoMedicao != null" >
        #{codFormatoMedicao,jdbcType=INTEGER},
      </if>
      <if test="datMedicao != null" >
        #{datMedicao,jdbcType=TIMESTAMP},
      </if>
      <if test="datGravacao != null" >
        #{datGravacao,jdbcType=TIMESTAMP},
      </if>
      <if test="codSituacaoMedicao != null" >
        #{codSituacaoMedicao,jdbcType=INTEGER},
      </if>      
      <if test="nomOrigemInformacao != null" >
        #{nomOrigemInformacao,jdbcType=VARCHAR},
      </if>
      <if test="valMedicao != null" >
        #{valMedicao,jdbcType=VARCHAR},
      </if>
    </trim>
  </insert>
  <update id="updateByPrimaryKeySelective" parameterType="br.com.axxiom.ped435.model.entidade.dbped435.dbo.Tmedicao" >
    update DBPED435.dbo.TMEDICAO
    <set >
      <if test="codMedidor != null" >
        COD_MEDIDOR = #{codMedidor,jdbcType=VARCHAR},
      </if>
      <if test="codFormatoMedicao != null" >
        COD_FORMATO_MEDICAO = #{codFormatoMedicao,jdbcType=INTEGER},
      </if>
      <if test="datMedicao != null" >
        DAT_MEDICAO = #{datMedicao,jdbcType=DATE},
      </if>
      <if test="datGravacao != null" >
        DAT_GRAVACAO = #{datGravacao,jdbcType=DATE},
      </if>
      <if test="nomOrigemInformacao != null" >
        NOM_ORIGEM_INFORMACAO = #{nomOrigemInformacao,jdbcType=VARCHAR},
      </if>
      <if test="codSituacaoMedicao != null" >
        COD_SITUACAO_MEDICAO = #{codSituacaoMedicao,jdbcType=INTEGER},
      </if>
      <if test="valMedicao != null" >
        VAL_MEDICAO = #{valMedicao,jdbcType=VARCHAR},
      </if>
    </set>
    where COD_MEDICAO = #{codMedicao,jdbcType=BIGINT}
  </update>
  <update id="updateByPrimaryKey" parameterType="br.com.axxiom.ped435.model.entidade.dbped435.dbo.Tmedicao" >
    update DBPED435.dbo.TMEDICAO
    set COD_MEDIDOR = #{codMedidor,jdbcType=VARCHAR},
      COD_FORMATO_MEDICAO = #{codFormatoMedicao,jdbcType=INTEGER},
      DAT_MEDICAO = #{datMedicao,jdbcType=DATE},
      DAT_GRAVACAO = #{datGravacao,jdbcType=DATE},
      NOM_ORIGEM_INFORMACAO = #{nomOrigemInformacao,jdbcType=VARCHAR},
      COD_SITUACAO_MEDICAO = #{codSituacaoMedicao,jdbcType=INTEGER},
      VAL_MEDICAO = #{valMedicao,jdbcType=VARCHAR}
    where COD_MEDICAO = #{codMedicao,jdbcType=BIGINT}
  </update>
</mapper>