<?xml version="1.0" encoding="UTF-8" ?>
<!DOCTYPE mapper PUBLIC "-//mybatis.org//DTD Mapper 3.0//EN" "http://mybatis.org/dtd/mybatis-3-mapper.dtd" >
<mapper namespace="br.com.axxiom.ped435.model.dao.dbped435.dbo.TmedidorMapper" >
  <resultMap id="BaseResultMap" type="br.com.axxiom.ped435.model.entidade.dbped435.dbo.Tmedidor" >
    <constructor >
      <idArg column="COD_MEDIDOR" jdbcType="VARCHAR" javaType="java.lang.String" />
      <arg column="COD_PARAMETRO_MEDIDOR" jdbcType="INTEGER" javaType="java.lang.Integer" />
      <arg column="TIP_PROPRIETARIO" jdbcType="VARCHAR" javaType="java.lang.String" />
    </constructor>
  </resultMap>
  <resultMap type="java.lang.Integer" id="BaseInteger"></resultMap>
  <sql id="Base_Column_List" >
    COD_MEDIDOR, COD_PARAMETRO_MEDIDOR, TIP_PROPRIETARIO
  </sql>
  <select id="selectByPrimaryKey" resultMap="BaseResultMap" parameterType="java.lang.String" >
    select 'false' as QUERYID,
    <include refid="Base_Column_List" />
    from DBPED435.dbo.TMEDIDOR
    where COD_MEDIDOR = #{codMedidor,jdbcType=VARCHAR}
  </select>
  <select id="selectLastPrimaryKey" resultMap="BaseInteger" >
    select max(cast(COD_MEDIDOR as int)) as COD_MEDIDOR    
    from DBPED435.dbo.TMEDIDOR    
  </select>
  <delete id="deleteByPrimaryKey" parameterType="java.lang.String" >
    delete from DBPED435.dbo.TMEDIDOR
    where COD_MEDIDOR = #{codMedidor,jdbcType=VARCHAR}
  </delete>
  <insert id="insert" parameterType="br.com.axxiom.ped435.model.entidade.dbped435.dbo.Tmedidor" >
    insert into DBPED435.dbo.TMEDIDOR (COD_MEDIDOR, COD_PARAMETRO_MEDIDOR, 
      TIP_PROPRIETARIO)
    values (#{codMedidor,jdbcType=VARCHAR}, #{codParametroMedidor,jdbcType=INTEGER}, 
      #{tipProprietario,jdbcType=VARCHAR})
  </insert>
  <insert id="insertSelective" parameterType="br.com.axxiom.ped435.model.entidade.dbped435.dbo.Tmedidor" >
    insert into DBPED435.dbo.TMEDIDOR
    <trim prefix="(" suffix=")" suffixOverrides="," >
      <if test="codMedidor != null" >
        COD_MEDIDOR,
      </if>
      <if test="codParametroMedidor != null" >
        COD_PARAMETRO_MEDIDOR,
      </if>
      <if test="tipProprietario != null" >
        TIP_PROPRIETARIO,
      </if>
    </trim>
    <trim prefix="values (" suffix=")" suffixOverrides="," >
      <if test="codMedidor != null" >
        #{codMedidor,jdbcType=VARCHAR},
      </if>
      <if test="codParametroMedidor != null" >
        #{codParametroMedidor,jdbcType=INTEGER},
      </if>
      <if test="tipProprietario != null" >
        #{tipProprietario,jdbcType=VARCHAR},
      </if>
    </trim>
  </insert>
  <update id="updateByPrimaryKeySelective" parameterType="br.com.axxiom.ped435.model.entidade.dbped435.dbo.Tmedidor" >
    update DBPED435.dbo.TMEDIDOR
    <set >
      <if test="codParametroMedidor != null" >
        COD_PARAMETRO_MEDIDOR = #{codParametroMedidor,jdbcType=INTEGER},
      </if>
      <if test="tipProprietario != null" >
        TIP_PROPRIETARIO = #{tipProprietario,jdbcType=VARCHAR},
      </if>
    </set>
    where COD_MEDIDOR = #{codMedidor,jdbcType=VARCHAR}
  </update>
  <update id="updateByPrimaryKey" parameterType="br.com.axxiom.ped435.model.entidade.dbped435.dbo.Tmedidor" >
    update DBPED435.dbo.TMEDIDOR
    set COD_PARAMETRO_MEDIDOR = #{codParametroMedidor,jdbcType=INTEGER},
      TIP_PROPRIETARIO = #{tipProprietario,jdbcType=VARCHAR}
    where COD_MEDIDOR = #{codMedidor,jdbcType=VARCHAR}
  </update>
</mapper>