<?xml version="1.0" encoding="UTF-8" ?>
<!DOCTYPE mapper PUBLIC "-//mybatis.org//DTD Mapper 3.0//EN" "http://mybatis.org/dtd/mybatis-3-mapper.dtd" >
<mapper namespace="br.com.axxiom.ped435.model.dao.dbped435.dbo.TmunicipioFeriadoMapper" >
  <resultMap id="BaseResultMap" type="br.com.axxiom.ped435.model.entidade.dbped435.dbo.TmunicipioFeriado" >
    <constructor >
      <idArg column="COD_MUNICIPIO" jdbcType="INTEGER" javaType="java.lang.Integer" />
      <idArg column="COD_FERIADO" jdbcType="INTEGER" javaType="java.lang.Integer" />
    </constructor>
  </resultMap>
  <delete id="deleteByPrimaryKey" parameterType="map" >
    delete from DBPED435.dbo.TMUNICIPIO_FERIADO
    where COD_MUNICIPIO = #{codMunicipio,jdbcType=INTEGER}
      and COD_FERIADO = #{codFeriado,jdbcType=INTEGER}
  </delete>
  <insert id="insert" parameterType="br.com.axxiom.ped435.model.entidade.dbped435.dbo.TmunicipioFeriado" >
    insert into DBPED435.dbo.TMUNICIPIO_FERIADO (COD_MUNICIPIO, COD_FERIADO)
    values (#{codMunicipio,jdbcType=INTEGER}, #{codFeriado,jdbcType=INTEGER})
  </insert>
  <insert id="insertSelective" parameterType="br.com.axxiom.ped435.model.entidade.dbped435.dbo.TmunicipioFeriado" >
    insert into DBPED435.dbo.TMUNICIPIO_FERIADO
    <trim prefix="(" suffix=")" suffixOverrides="," >
      <if test="codMunicipio != null" >
        COD_MUNICIPIO,
      </if>
      <if test="codFeriado != null" >
        COD_FERIADO,
      </if>
    </trim>
    <trim prefix="values (" suffix=")" suffixOverrides="," >
      <if test="codMunicipio != null" >
        #{codMunicipio,jdbcType=INTEGER},
      </if>
      <if test="codFeriado != null" >
        #{codFeriado,jdbcType=INTEGER},
      </if>
    </trim>
  </insert>
</mapper>