<?xml version="1.0" encoding="UTF-8" ?>
<!DOCTYPE mapper PUBLIC "-//mybatis.org//DTD Mapper 3.0//EN" "http://mybatis.org/dtd/mybatis-3-mapper.dtd" >
<mapper namespace="br.com.axxiom.ped435.model.dao.dbped435.dbo.TmunicipioMapper" >
  <resultMap id="BaseResultMap" type="br.com.axxiom.ped435.model.entidade.dbped435.dbo.Tmunicipio" >
    <constructor >
      <idArg column="COD_MUNICIPIO" jdbcType="INTEGER" javaType="java.lang.Integer" />
      <arg column="COD_MUNICIPIO_GDIS" jdbcType="INTEGER" javaType="java.lang.Integer" />
      <arg column="NOM_MUNICIPIO" jdbcType="VARCHAR" javaType="java.lang.String" />
    </constructor>
  </resultMap>
  <sql id="Base_Column_List" >
    COD_MUNICIPIO, COD_MUNICIPIO_GDIS, NOM_MUNICIPIO
  </sql>
  <select id="selectByPrimaryKey" resultMap="BaseResultMap" parameterType="java.lang.Integer" >
    select 'false' as QUERYID,
    <include refid="Base_Column_List" />
    from DBPED435.dbo.TMUNICIPIO
    where COD_MUNICIPIO = #{codMunicipio,jdbcType=INTEGER}
  </select>
  <delete id="deleteByPrimaryKey" parameterType="java.lang.Integer" >
    delete from DBPED435.dbo.TMUNICIPIO
    where COD_MUNICIPIO = #{codMunicipio,jdbcType=INTEGER}
  </delete>
  <insert id="insert" parameterType="br.com.axxiom.ped435.model.entidade.dbped435.dbo.Tmunicipio" >
    insert into DBPED435.dbo.TMUNICIPIO (COD_MUNICIPIO, COD_MUNICIPIO_GDIS, NOM_MUNICIPIO
      )
    values (#{codMunicipio,jdbcType=INTEGER}, #{codMunicipioGdis,jdbcType=INTEGER}, #{nomMunicipio,jdbcType=VARCHAR}
      )
  </insert>
  <insert id="insertSelective" parameterType="br.com.axxiom.ped435.model.entidade.dbped435.dbo.Tmunicipio" >
    insert into DBPED435.dbo.TMUNICIPIO
    <trim prefix="(" suffix=")" suffixOverrides="," >
      <if test="codMunicipio != null" >
        COD_MUNICIPIO,
      </if>
      <if test="codMunicipioGdis != null" >
        COD_MUNICIPIO_GDIS,
      </if>
      <if test="nomMunicipio != null" >
        NOM_MUNICIPIO,
      </if>
    </trim>
    <trim prefix="values (" suffix=")" suffixOverrides="," >
      <if test="codMunicipio != null" >
        #{codMunicipio,jdbcType=INTEGER},
      </if>
      <if test="codMunicipioGdis != null" >
        #{codMunicipioGdis,jdbcType=INTEGER},
      </if>
      <if test="nomMunicipio != null" >
        #{nomMunicipio,jdbcType=VARCHAR},
      </if>
    </trim>
  </insert>
  <update id="updateByPrimaryKeySelective" parameterType="br.com.axxiom.ped435.model.entidade.dbped435.dbo.Tmunicipio" >
    update DBPED435.dbo.TMUNICIPIO
    <set >
      <if test="codMunicipioGdis != null" >
        COD_MUNICIPIO_GDIS = #{codMunicipioGdis,jdbcType=INTEGER},
      </if>
      <if test="nomMunicipio != null" >
        NOM_MUNICIPIO = #{nomMunicipio,jdbcType=VARCHAR},
      </if>
    </set>
    where COD_MUNICIPIO = #{codMunicipio,jdbcType=INTEGER}
  </update>
  <update id="updateByPrimaryKey" parameterType="br.com.axxiom.ped435.model.entidade.dbped435.dbo.Tmunicipio" >
    update DBPED435.dbo.TMUNICIPIO
    set COD_MUNICIPIO_GDIS = #{codMunicipioGdis,jdbcType=INTEGER},
      NOM_MUNICIPIO = #{nomMunicipio,jdbcType=VARCHAR}
    where COD_MUNICIPIO = #{codMunicipio,jdbcType=INTEGER}
  </update>
</mapper>