<?xml version="1.0" encoding="UTF-8" ?>
<!DOCTYPE mapper PUBLIC "-//mybatis.org//DTD Mapper 3.0//EN" "http://mybatis.org/dtd/mybatis-3-mapper.dtd" >
<mapper namespace="br.com.axxiom.ped435.model.dao.dbped435.dbo.TparametroMedidorMapper" >
  <resultMap id="BaseResultMap" type="br.com.axxiom.ped435.model.entidade.dbped435.dbo.TparametroMedidor" >
    <constructor >
      <idArg column="COD_PARAMETRO_MEDIDOR" jdbcType="INTEGER" javaType="java.lang.Integer" />
      <arg column="VAL_RTP" jdbcType="DOUBLE" javaType="java.lang.Double" />
      <arg column="VAL_RTC" jdbcType="DOUBLE" javaType="java.lang.Double" />
      <arg column="VAL_NUMERADOR" jdbcType="DOUBLE" javaType="java.lang.Double" />
      <arg column="VAL_DENOMINADOR" jdbcType="DOUBLE" javaType="java.lang.Double" />
    </constructor>
  </resultMap>
  <resultMap type="java.lang.Integer" id="BaseInteger"></resultMap> 
  <sql id="Base_Column_List" >
    COD_PARAMETRO_MEDIDOR, VAL_RTP, VAL_RTC, VAL_NUMERADOR, VAL_DENOMINADOR
  </sql>
  <select id="selectByPrimaryKey" resultMap="BaseResultMap" parameterType="java.lang.Integer" >
    select 'false' as QUERYID,
    <include refid="Base_Column_List" />
    from DBPED435.dbo.TPARAMETRO_MEDIDOR
    where COD_PARAMETRO_MEDIDOR = #{codParametroMedidor,jdbcType=INTEGER}
  </select>  
  <select id="selectLastPrimaryKey" resultMap="BaseInteger">
    select max(COD_PARAMETRO_MEDIDOR)
    from DBPED435.dbo.TPARAMETRO_MEDIDOR    
  </select>
  <delete id="deleteByPrimaryKey" parameterType="java.lang.Integer" >
    delete from DBPED435.dbo.TPARAMETRO_MEDIDOR
    where COD_PARAMETRO_MEDIDOR = #{codParametroMedidor,jdbcType=INTEGER}
  </delete>
  <insert id="insert" parameterType="br.com.axxiom.ped435.model.entidade.dbped435.dbo.TparametroMedidor" >
    insert into DBPED435.dbo.TPARAMETRO_MEDIDOR (COD_PARAMETRO_MEDIDOR, VAL_RTP, VAL_RTC, 
      VAL_NUMERADOR, VAL_DENOMINADOR)
    values (#{codParametroMedidor,jdbcType=INTEGER}, #{valRtp,jdbcType=DOUBLE}, #{valRtc,jdbcType=DOUBLE}, 
      #{valNumerador,jdbcType=DOUBLE}, #{valDenominador,jdbcType=DOUBLE})
  </insert>
  <insert id="insertSelective" parameterType="br.com.axxiom.ped435.model.entidade.dbped435.dbo.TparametroMedidor" >
    insert into DBPED435.dbo.TPARAMETRO_MEDIDOR
    <trim prefix="(" suffix=")" suffixOverrides="," >
      <if test="codParametroMedidor != null" >
        COD_PARAMETRO_MEDIDOR,
      </if>
      <if test="valRtp != null" >
        VAL_RTP,
      </if>
      <if test="valRtc != null" >
        VAL_RTC,
      </if>
      <if test="valNumerador != null" >
        VAL_NUMERADOR,
      </if>
      <if test="valDenominador != null" >
        VAL_DENOMINADOR,
      </if>
    </trim>
    <trim prefix="values (" suffix=")" suffixOverrides="," >
      <if test="codParametroMedidor != null" >
        #{codParametroMedidor,jdbcType=INTEGER},
      </if>
      <if test="valRtp != null" >
        #{valRtp,jdbcType=DOUBLE},
      </if>
      <if test="valRtc != null" >
        #{valRtc,jdbcType=DOUBLE},
      </if>
      <if test="valNumerador != null" >
        #{valNumerador,jdbcType=DOUBLE},
      </if>
      <if test="valDenominador != null" >
        #{valDenominador,jdbcType=DOUBLE},
      </if>
    </trim>
  </insert>
  <update id="updateByPrimaryKeySelective" parameterType="br.com.axxiom.ped435.model.entidade.dbped435.dbo.TparametroMedidor" >
    update DBPED435.dbo.TPARAMETRO_MEDIDOR
    <set >
      <if test="valRtp != null" >
        VAL_RTP = #{valRtp,jdbcType=DOUBLE},
      </if>
      <if test="valRtc != null" >
        VAL_RTC = #{valRtc,jdbcType=DOUBLE},
      </if>
      <if test="valNumerador != null" >
        VAL_NUMERADOR = #{valNumerador,jdbcType=DOUBLE},
      </if>
      <if test="valDenominador != null" >
        VAL_DENOMINADOR = #{valDenominador,jdbcType=DOUBLE},
      </if>
    </set>
    where COD_PARAMETRO_MEDIDOR = #{codParametroMedidor,jdbcType=INTEGER}
  </update>
  <update id="updateByPrimaryKey" parameterType="br.com.axxiom.ped435.model.entidade.dbped435.dbo.TparametroMedidor" >
    update DBPED435.dbo.TPARAMETRO_MEDIDOR
    set VAL_RTP = #{valRtp,jdbcType=DOUBLE},
      VAL_RTC = #{valRtc,jdbcType=DOUBLE},
      VAL_NUMERADOR = #{valNumerador,jdbcType=DOUBLE},
      VAL_DENOMINADOR = #{valDenominador,jdbcType=DOUBLE}
    where COD_PARAMETRO_MEDIDOR = #{codParametroMedidor,jdbcType=INTEGER}
  </update>
</mapper>