<?xml version="1.0" encoding="UTF-8" ?>
<!DOCTYPE mapper PUBLIC "-//mybatis.org//DTD Mapper 3.0//EN" "http://mybatis.org/dtd/mybatis-3-mapper.dtd" >
<mapper namespace="br.com.axxiom.ped435.model.dao.dbped435.dbo.TsituacaoMedicaoMapper" >
  <resultMap id="BaseResultMap" type="br.com.axxiom.ped435.model.entidade.dbped435.dbo.TsituacaoMedicao" >
    <constructor >
      <idArg column="COD_SITUACAO_MEDICAO" jdbcType="INTEGER" javaType="java.lang.Integer" />
      <arg column="TIP_SITUACAO_MEDICAO" jdbcType="VARCHAR" javaType="java.lang.String" />
      <arg column="DES_SITUACAO_MEDICAO" jdbcType="VARCHAR" javaType="java.lang.String" />
    </constructor>
  </resultMap>
  <resultMap type="java.lang.Integer" id="BaseInteger"></resultMap>
  <sql id="Base_Column_List" >
    COD_SITUACAO_MEDICAO, TIP_SITUACAO_MEDICAO, DES_SITUACAO_MEDICAO
  </sql>
  <select id="selectByPrimaryKey" resultMap="BaseResultMap" parameterType="java.lang.Integer" >
    select 'false' as QUERYID,
    <include refid="Base_Column_List" />
    from DBPED435.dbo.TSITUACAO_MEDICAO
    where COD_SITUACAO_MEDICAO = #{codSituacaoMedicao,jdbcType=INTEGER}
  </select>
  <select id="selectLastPrimaryKey" resultMap="BaseInteger">
  	select max(cod_situacao_medicao) from DBPED435.dbo.TSITUACAO_MEDICAO 
  </select>   
  <delete id="deleteByPrimaryKey" parameterType="java.lang.Integer" >
    delete from DBPED435.dbo.TSITUACAO_MEDICAO
    where COD_SITUACAO_MEDICAO = #{codSituacaoMedicao,jdbcType=INTEGER}
  </delete>
  <insert id="insert" parameterType="br.com.axxiom.ped435.model.entidade.dbped435.dbo.TsituacaoMedicao" >
    insert into DBPED435.dbo.TSITUACAO_MEDICAO (COD_SITUACAO_MEDICAO, TIP_SITUACAO_MEDICAO, DES_SITUACAO_MEDICAO
      )
    values (#{codSituacaoMedicao,jdbcType=INTEGER}, #{tipSituacaoMedicao,jdbcType=VARCHAR}, #{desSituacaoMedicao,jdbcType=VARCHAR}
      )
  </insert>
  <insert id="insertSelective" parameterType="br.com.axxiom.ped435.model.entidade.dbped435.dbo.TsituacaoMedicao" >
    insert into DBPED435.dbo.TSITUACAO_MEDICAO
    <trim prefix="(" suffix=")" suffixOverrides="," >
      <if test="codSituacaoMedicao != null" >
        COD_SITUACAO_MEDICAO,
      </if>
      <if test="tipSituacaoMedicao != null" >
        TIP_SITUACAO_MEDICAO,
      </if>
      <if test="desSituacaoMedicao != null" >
       	DES_SITUACAO_MEDICAO,
      </if>
    </trim>
    <trim prefix="values (" suffix=")" suffixOverrides="," >
      <if test="codSituacaoMedicao != null" >
        #{codSituacaoMedicao,jdbcType=INTEGER},
      </if>
      <if test="tipSituacaoMedicao != null" >
        #{tipSituacaoMedicao,jdbcType=VARCHAR},
      </if>
      <if test="desSituacaoMedicao != null" >
        #{tipSituacaoMedicao,jdbcType=VARCHAR},
      </if>
    </trim>
  </insert>
  <update id="updateByPrimaryKeySelective" parameterType="br.com.axxiom.ped435.model.entidade.dbped435.dbo.TsituacaoMedicao" >
    update DBPED435.dbo.TSITUACAO_MEDICAO
    <set >
      <if test="tipSituacaoMedicao != null" >
        TIP_SITUACAO_MEDICAO = #{tipSituacaoMedicao,jdbcType=VARCHAR},
      </if>
      <if test="desSituacaoMedicao != null" >
        DES_SITUACAO_MEDICAO = #{desSituacaoMedicao,jdbcType=VARCHAR},
      </if>
    </set>
    where COD_SITUACAO_MEDICAO = #{codSituacaoMedicao,jdbcType=INTEGER}
  </update>
  <update id="updateByPrimaryKey" parameterType="br.com.axxiom.ped435.model.entidade.dbped435.dbo.TsituacaoMedicao" >
    update DBPED435.dbo.TSITUACAO_MEDICAO
    set TIP_SITUACAO_MEDICAO = #{tipSituacaoMedicao,jdbcType=VARCHAR},
      DES_SITUACAO_MEDICAO = #{desSituacaoMedicao,jdbcType=VARCHAR}
    where COD_SITUACAO_MEDICAO = #{codSituacaoMedicao,jdbcType=INTEGER}
  </update>
</mapper>