<?xml version="1.0" encoding="UTF-8" ?>
<!DOCTYPE mapper PUBLIC "-//mybatis.org//DTD Mapper 3.0//EN" "http://mybatis.org/dtd/mybatis-3-mapper.dtd" >
<mapper namespace="br.com.axxiom.ped435.model.dao.dbped435.dbo.TtemperaturaMapper" >
  <resultMap id="BaseResultMap" type="br.com.axxiom.ped435.model.entidade.dbped435.dbo.Ttemperatura" >
    <constructor >
      <idArg column="COD_TEMPERATURA" jdbcType="INTEGER" javaType="java.lang.Integer" />
      <arg column="COD_MUNICIPIO" jdbcType="INTEGER" javaType="java.lang.Integer" />
      <arg column="DAT_TEMPERATURA" jdbcType="TIMESTAMP" javaType="java.util.Date" />
      <arg column="VAL_TEMPERATURA_MAX" jdbcType="DOUBLE" javaType="java.lang.Double" />
      <arg column="VAL_TEMPERATURA_MIN" jdbcType="DOUBLE" javaType="java.lang.Double" />
    </constructor>
  </resultMap>
  <sql id="Base_Column_List" >
    COD_TEMPERATURA, COD_MUNICIPIO, DAT_TEMPERATURA, VAL_TEMPERATURA_MAX, VAL_TEMPERATURA_MIN
  </sql>
  <select id="selectByPrimaryKey" resultMap="BaseResultMap" parameterType="java.lang.Integer" >
    select 'false' as QUERYID,
    <include refid="Base_Column_List" />
    from DBPED435.dbo.TTEMPERATURA
    where COD_TEMPERATURA = #{codTemperatura,jdbcType=INTEGER}
  </select>
  <delete id="deleteByPrimaryKey" parameterType="java.lang.Integer" >
    delete from DBPED435.dbo.TTEMPERATURA
    where COD_TEMPERATURA = #{codTemperatura,jdbcType=INTEGER}
  </delete>
  <insert id="insert" parameterType="br.com.axxiom.ped435.model.entidade.dbped435.dbo.Ttemperatura" >
    insert into DBPED435.dbo.TTEMPERATURA (COD_TEMPERATURA, COD_MUNICIPIO, DAT_TEMPERATURA, 
      VAL_TEMPERATURA_MAX, VAL_TEMPERATURA_MIN)
    values (#{codTemperatura,jdbcType=INTEGER}, #{codMunicipio,jdbcType=INTEGER}, #{datTemperatura,jdbcType=TIMESTAMP}, 
      #{valTemperaturaMax,jdbcType=DOUBLE}, #{valTemperaturaMin,jdbcType=DOUBLE})
  </insert>
  <insert id="insertSelective" parameterType="br.com.axxiom.ped435.model.entidade.dbped435.dbo.Ttemperatura" >
    insert into DBPED435.dbo.TTEMPERATURA
    <trim prefix="(" suffix=")" suffixOverrides="," >
      <if test="codTemperatura != null" >
        COD_TEMPERATURA,
      </if>
      <if test="codMunicipio != null" >
        COD_MUNICIPIO,
      </if>
      <if test="datTemperatura != null" >
        DAT_TEMPERATURA,
      </if>
      <if test="valTemperaturaMax != null" >
        VAL_TEMPERATURA_MAX,
      </if>
      <if test="valTemperaturaMin != null" >
        VAL_TEMPERATURA_MIN,
      </if>
    </trim>
    <trim prefix="values (" suffix=")" suffixOverrides="," >
      <if test="codTemperatura != null" >
        #{codTemperatura,jdbcType=INTEGER},
      </if>
      <if test="codMunicipio != null" >
        #{codMunicipio,jdbcType=INTEGER},
      </if>
      <if test="datTemperatura != null" >
        #{datTemperatura,jdbcType=TIMESTAMP},
      </if>
      <if test="valTemperaturaMax != null" >
        #{valTemperaturaMax,jdbcType=DOUBLE},
      </if>
      <if test="valTemperaturaMin != null" >
        #{valTemperaturaMin,jdbcType=DOUBLE},
      </if>
    </trim>
  </insert>
  <update id="updateByPrimaryKeySelective" parameterType="br.com.axxiom.ped435.model.entidade.dbped435.dbo.Ttemperatura" >
    update DBPED435.dbo.TTEMPERATURA
    <set >
      <if test="codMunicipio != null" >
        COD_MUNICIPIO = #{codMunicipio,jdbcType=INTEGER},
      </if>
      <if test="datTemperatura != null" >
        DAT_TEMPERATURA = #{datTemperatura,jdbcType=TIMESTAMP},
      </if>
      <if test="valTemperaturaMax != null" >
        VAL_TEMPERATURA_MAX = #{valTemperaturaMax,jdbcType=DOUBLE},
      </if>
      <if test="valTemperaturaMin != null" >
        VAL_TEMPERATURA_MIN = #{valTemperaturaMin,jdbcType=DOUBLE},
      </if>
    </set>
    where COD_TEMPERATURA = #{codTemperatura,jdbcType=INTEGER}
  </update>
  <update id="updateByPrimaryKey" parameterType="br.com.axxiom.ped435.model.entidade.dbped435.dbo.Ttemperatura" >
    update DBPED435.dbo.TTEMPERATURA
    set COD_MUNICIPIO = #{codMunicipio,jdbcType=INTEGER},
      DAT_TEMPERATURA = #{datTemperatura,jdbcType=TIMESTAMP},
      VAL_TEMPERATURA_MAX = #{valTemperaturaMax,jdbcType=DOUBLE},
      VAL_TEMPERATURA_MIN = #{valTemperaturaMin,jdbcType=DOUBLE}
    where COD_TEMPERATURA = #{codTemperatura,jdbcType=INTEGER}
  </update>
</mapper>