<?xml version="1.0" encoding="UTF-8"?>
<!DOCTYPE mapper PUBLIC "-//mybatis.org//DTD Mapper 3.0//EN" "http://mybatis.org/dtd/mybatis-3-mapper.dtd" >
<mapper
	namespace="br.com.axxiom.ped435.model.dao.dbped435.dbo.Grupo13Mapper">
	<resultMap id="BaseResultMap"
		type="br.com.axxiom.ped435.model.entidade.dbped435.dbo.TValidGrupo13">
		<constructor>
			<arg column="identificadorCliente" jdbcType="DOUBLE" javaType="java.lang.Double" />
			<arg column="diaMedicao" jdbcType="DOUBLE" javaType="java.lang.Double" />
			<arg column="demandaMedia" jdbcType="DOUBLE" javaType="java.lang.Double" />
			<arg column="demandaMaxima" jdbcType="DOUBLE" javaType="java.lang.Double" />
			<arg column="potInstalada" jdbcType="DOUBLE" javaType="java.lang.Double" />
			<arg column="fatorDeCarga" jdbcType="DOUBLE" javaType="java.lang.Double" />
			<arg column="fatorDeDemanda" jdbcType="DOUBLE" javaType="java.lang.Double" />
		</constructor>
	</resultMap>
	<sql id="Base_Column_List">
		identificadorCliente,diaMedicao,demandaMedia,demandaMaxima,potInstalada,fatorDeCarga, fatorDeDemanda
	</sql>
	<select id="select" resultMap="BaseResultMap" parameterType="java.lang.Integer">
		select
		<include refid="Base_Column_List" />
		from TValidNormalizadoDadosGrupo13
	</select>
</mapper>