<?xml version="1.0" encoding="UTF-8"?>
<!DOCTYPE mapper PUBLIC "-//mybatis.org//DTD Mapper 3.0//EN" "http://mybatis.org/dtd/mybatis-3-mapper.dtd" >
<mapper
	namespace="br.com.axxiom.ped435.model.dao.dbped435.dbo.TValidSimplefitMapper">
	<resultMap id="BaseResultMap"
		type="br.com.axxiom.ped435.model.entidade.dbped435.dbo.TValidSimplefit">
		<constructor>
			<arg column="INPUT" jdbcType="DOUBLE" javaType="java.lang.Double" />
			<arg column="OUTPUT" jdbcType="DOUBLE" javaType="java.lang.Double" />
		</constructor>
	</resultMap>
	<sql id="Base_Column_List">
		INPUT, OUTPUT
	</sql>
	<select id="select" resultMap="BaseResultMap" parameterType="java.lang.Integer">
		select
		<include refid="Base_Column_List" />
		from TValidSimplefit
	</select>
</mapper>