<?xml version="1.0" encoding="UTF-8" ?>
<!DOCTYPE mapper PUBLIC "-//mybatis.org//DTD Mapper 3.0//EN" "http://mybatis.org/dtd/mybatis-3-mapper.dtd" >
<mapper namespace="br.com.axxiom.ped435.model.dao.dbped435.dbo.VPesqMapper">
	<resultMap id="BaseResultMap"
		type="br.com.axxiom.ped435.model.entidade.dbped435.dbo.VPesq">
		<constructor>
			<idArg column="ROW" jdbcType="BIGINT" javaType="java.lang.Long" />
			<arg column="COD_ENTREVISTADO" jdbcType="INTEGER" javaType="java.lang.Integer" />
			<arg column="QTD_EQUIPAMENTOS" jdbcType="INTEGER" javaType="java.lang.Integer" />
			<arg column="POT_WATT" jdbcType="FLOAT" javaType="java.lang.Double" />
		</constructor>
	</resultMap>
	<sql id="Base_Column_List">
		tentrevista.COD_ENTREVISTADO, QTD_EQUIPAMENTOS, POT_WATT <!-- ROW_NUMBER() 
			OVER(ORDER BY DES_EQUIPAMENTO DESC) AS ROW, -->
	</sql>
	<select id="selectListViewPesquisa" resultMap="BaseResultMap"
		parameterType="java.lang.Integer">
		select
		ROW_NUMBER() OVER(ORDER BY DES_EQUIPAMENTO DESC) AS ROW,
		<include refid="Base_Column_List" />
		from TPESQ_ENTREVISTADO tentrevistado
		inner join TPESQ_ENTREVISTA tentrevista on tentrevista.COD_ENTREVISTADO =
		tentrevistado.COD_ENTREVISTADO
		inner join TPESQ_ESTABELECIMENTO testab on testab.COD_ESTABELECIMENTO =
		tentrevista.COD_ESTABELECIMENTO
		inner join TPESQ_RELACAO_ESTAB_EQUIP reqp on reqp.COD_ESTABELECIMENTO =
		testab.COD_ESTABELECIMENTO
		inner join TPESQ_EQUIPAMENTO tequip on tequip.COD_EQUIPAMENTO =
		reqp.COD_EQUIPAMENTO
		order by row, tentrevistado.NOM_ENTREVISTADO, DES_EQUIPAMENTO,
		QTD_EQUIPAMENTOS
	</select>
</mapper>