<?xml version="1.0" encoding="UTF-8" ?>
<!DOCTYPE mapper PUBLIC "-//mybatis.org//DTD Mapper 3.0//EN" "http://mybatis.org/dtd/mybatis-3-mapper.dtd" >
<mapper
	namespace="br.com.axxiom.ped435.model.dao.dbcon435.dbo.TconsRevTarifariaMapper">
	<resultMap type="java.lang.String" id="BaseArrayStringCliente">
		<result property="numInstalacao" column="NUM_INSTALACAO"
			jdbcType="VARCHAR" javaType="java.lang.String" />
	</resultMap>
	<resultMap type="java.lang.String" id="BaseArrayStringClasse">
		<result property="desClasse" column="DES_CLASSE" jdbcType="VARCHAR"
			javaType="java.lang.String" />
	</resultMap>
	<resultMap type="java.lang.String" id="BaseArrayStringFaixa">
		<result property="desFaixa" column="DES_FAIXA_DEFINITIVA"
			jdbcType="VARCHAR" javaType="java.lang.String" />
	</resultMap> <!-- NOT IN USE -->
	<resultMap type="java.lang.String" id="BaseArrayStringDesRamoAtivSor">
		<result property="desFaixa" column="DES_RAMO_ATIV_SOR"
			jdbcType="VARCHAR" javaType="java.lang.String" />
	</resultMap>
	<resultMap type="java.lang.String" id="BaseArrayStringTensao">
		<result property="desNivelTensao" column="DES_NIVEL_TENSAO"
			jdbcType="VARCHAR" javaType="java.lang.String" />
	</resultMap>
	<resultMap id="BaseResultMap"
		type="br.com.axxiom.ped435.model.entidade.dbcon435.dbo.TconsRevTarifaria">
		<constructor>
			<idArg column="NUM_INSTALACAO" jdbcType="VARCHAR" javaType="java.lang.String" />
			<arg column="DES_CLASSE" jdbcType="VARCHAR" javaType="java.lang.String" />
			<arg column="DES_FAIXA_SORTEIO" jdbcType="VARCHAR" javaType="java.lang.String" />
			<arg column="DES_RAMO_ATIV_CAD" jdbcType="VARCHAR" javaType="java.lang.String" />
			<arg column="DES_RAMO_ATIV_SOR" jdbcType="VARCHAR" javaType="java.lang.String" />
			<arg column="NOM_CONSUMIDOR" jdbcType="VARCHAR" javaType="java.lang.String" />
			<arg column="DES_NIVEL_TENSAO" jdbcType="VARCHAR" javaType="java.lang.String" />
			<arg column="DES_TARIFA" jdbcType="VARCHAR" javaType="java.lang.String" />
			<arg column="NOM_ARQUIVO_MEDICAO" jdbcType="VARCHAR" javaType="java.lang.String" />
			<arg column="DAT_INICIAL" jdbcType="DATE" javaType="java.util.Date" />
			<arg column="DAT_FINAL" jdbcType="DATE" javaType="java.util.Date" />
			<arg column="QTD_DIAS" jdbcType="INTEGER" javaType="java.lang.Integer" />
			<arg column="DES_SITUACAO" jdbcType="VARCHAR" javaType="java.lang.String" />
			<arg column="DES_FAIXA_DEFINITIVA" jdbcType="VARCHAR" javaType="java.lang.String" />
			<arg column="DES_GRAND_CANAL_1" jdbcType="VARCHAR" javaType="java.lang.String" />
			<arg column="DES_GRAND_CANAL_2" jdbcType="VARCHAR" javaType="java.lang.String" />
			<arg column="DES_GRAND_CANAL_3" jdbcType="VARCHAR" javaType="java.lang.String" />
			<arg column="DES_REGIAO" jdbcType="VARCHAR" javaType="java.lang.String" />
			<arg column="VAL_FUSO" jdbcType="INTEGER" javaType="java.lang.Integer" />
			<arg column="VAL_ABS" jdbcType="INTEGER" javaType="java.lang.Integer" />
			<arg column="VAL_ORD" jdbcType="INTEGER" javaType="java.lang.Integer" />
		</constructor>
	</resultMap>
	<sql id="Base_Column_List">
		NUM_INSTALACAO, DES_CLASSE, DES_FAIXA_SORTEIO,
		DES_RAMO_ATIV_CAD, DES_RAMO_ATIV_SOR,
		NOM_CONSUMIDOR, DES_NIVEL_TENSAO,
		DES_TARIFA, NOM_ARQUIVO_MEDICAO,
		DAT_INICIAL, DAT_FINAL,
		QTD_DIAS,
		DES_SITUACAO, DES_FAIXA_DEFINITIVA, DES_GRAND_CANAL_1,
		DES_GRAND_CANAL_2,
		DES_GRAND_CANAL_3, DES_REGIAO, VAL_FUSO, VAL_ABS,
		VAL_ORD
	</sql>
	<select id="selectClientsByNumInstalacao" resultMap="BaseArrayStringCliente"> 
		SELECT 
		NUM_INSTALACAO 
		FROM DBCON435.dbo.TCONS_REV_TARIFARIA
		ORDER BY NUM_INSTALACAO
	</select>
	<select id="selectComboClasse" resultMap="BaseArrayStringClasse">
		SELECT DISTINCT
		DES_CLASSE
		FROM DBCON435.dbo.TCONS_REV_TARIFARIA
		ORDER BY DES_CLASSE
	</select>
	<select id="selectComboFaixa" resultMap="BaseArrayStringFaixa">
		SELECT DISTINCT
		DES_FAIXA_DEFINITIVA
		FROM DBCON435.dbo.TCONS_REV_TARIFARIA
		ORDER BY DES_FAIXA_DEFINITIVA
	</select> <!-- NOT IN USE -->
	<select id="selectComboDesRamoAtivSor" resultMap="BaseArrayStringDesRamoAtivSor">
		SELECT DISTINCT
		DES_RAMO_ATIV_SOR
		FROM DBCON435.dbo.TCONS_REV_TARIFARIA
		ORDER BY DES_RAMO_ATIV_SOR
	</select>
	<select id="selectComboTensao" resultMap="BaseArrayStringTensao"> 
		SELECT DISTINCT 
		DES_NIVEL_TENSAO 
		FROM DBCON435.dbo.TCONS_REV_TARIFARIA
	</select>
	<select id="selectByPrimaryKey" resultMap="BaseResultMap"
		parameterType="java.lang.String">
		select 'false' as QUERYID,
		<include refid="Base_Column_List" />
		from DBCON435.dbo.TCONS_REV_TARIFARIA
		where NUM_INSTALACAO =
		#{numInstalacao,jdbcType=VARCHAR}
	</select>
	<select id="selectAll" resultMap="BaseResultMap"
		parameterType="java.lang.String">
		select 'false' as QUERYID,
		<include refid="Base_Column_List" />
		from DBCON435.dbo.TCONS_REV_TARIFARIA
	</select>
	<delete id="deleteByPrimaryKey" parameterType="java.lang.String">
		delete from
		DBCON435.dbo.TCONS_REV_TARIFARIA
		where NUM_INSTALACAO =
		#{numInstalacao,jdbcType=VARCHAR}
	</delete>
	<insert id="insert"
		parameterType="br.com.axxiom.ped435.model.entidade.dbcon435.dbo.TconsRevTarifaria">
		insert into DBCON435.dbo.TCONS_REV_TARIFARIA
		(NUM_INSTALACAO,
		DES_CLASSE, DES_FAIXA_SORTEIO,
		DES_RAMO_ATIV_CAD,
		DES_RAMO_ATIV_SOR, NOM_CONSUMIDOR,
		DES_NIVEL_TENSAO, DES_TARIFA,
		NOM_ARQUIVO_MEDICAO,
		DAT_INICIAL, DAT_FINAL, QTD_DIAS,
		DES_SITUACAO,
		DES_FAIXA_DEFINITIVA, DES_GRAND_CANAL_1,
		DES_GRAND_CANAL_2,
		DES_GRAND_CANAL_3, DES_REGIAO,
		VAL_FUSO, VAL_ABS, VAL_ORD
		)
		values
		(#{numInstalacao,jdbcType=VARCHAR}, #{desClasse,jdbcType=VARCHAR},
		#{desFaixaSorteio,jdbcType=VARCHAR},
		#{desRamoAtivCad,jdbcType=VARCHAR},
		#{desRamoAtivSor,jdbcType=VARCHAR}, #{nomConsumidor,jdbcType=VARCHAR},
		#{desNivelTensao,jdbcType=VARCHAR}, #{desTarifa,jdbcType=VARCHAR},
		#{nomArquivoMedicao,jdbcType=VARCHAR},
		#{datInicial,jdbcType=DATE},
		#{datFinal,jdbcType=DATE}, #{qtdDias,jdbcType=INTEGER},
		#{desSituacao,jdbcType=VARCHAR},
		#{desFaixaDefinitiva,jdbcType=VARCHAR},
		#{desGrandCanal1,jdbcType=VARCHAR},
		#{desGrandCanal2,jdbcType=VARCHAR},
		#{desGrandCanal3,jdbcType=VARCHAR}, #{desRegiao,jdbcType=VARCHAR},
		#{valFuso,jdbcType=INTEGER}, #{valAbs,jdbcType=INTEGER},
		#{valOrd,jdbcType=INTEGER}
		)
	</insert>
	<insert id="insertSelective"
		parameterType="br.com.axxiom.ped435.model.entidade.dbcon435.dbo.TconsRevTarifaria">
		insert into DBCON435.dbo.TCONS_REV_TARIFARIA
		<trim prefix="(" suffix=")" suffixOverrides=",">
			<if test="numInstalacao != null">
				NUM_INSTALACAO,
			</if>
			<if test="desClasse != null">
				DES_CLASSE,
			</if>
			<if test="desFaixaSorteio != null">
				DES_FAIXA_SORTEIO,
			</if>
			<if test="desRamoAtivCad != null">
				DES_RAMO_ATIV_CAD,
			</if>
			<if test="desRamoAtivSor != null">
				DES_RAMO_ATIV_SOR,
			</if>
			<if test="nomConsumidor != null">
				NOM_CONSUMIDOR,
			</if>
			<if test="desNivelTensao != null">
				DES_NIVEL_TENSAO,
			</if>
			<if test="desTarifa != null">
				DES_TARIFA,
			</if>
			<if test="nomArquivoMedicao != null">
				NOM_ARQUIVO_MEDICAO,
			</if>
			<if test="datInicial != null">
				DAT_INICIAL,
			</if>
			<if test="datFinal != null">
				DAT_FINAL,
			</if>
			<if test="qtdDias != null">
				QTD_DIAS,
			</if>
			<if test="desSituacao != null">
				DES_SITUACAO,
			</if>
			<if test="desFaixaDefinitiva != null">
				DES_FAIXA_DEFINITIVA,
			</if>
			<if test="desGrandCanal1 != null">
				DES_GRAND_CANAL_1,
			</if>
			<if test="desGrandCanal2 != null">
				DES_GRAND_CANAL_2,
			</if>
			<if test="desGrandCanal3 != null">
				DES_GRAND_CANAL_3,
			</if>
			<if test="desRegiao != null">
				DES_REGIAO,
			</if>
			<if test="valFuso != null">
				VAL_FUSO,
			</if>
			<if test="valAbs != null">
				VAL_ABS,
			</if>
			<if test="valOrd != null">
				VAL_ORD,
			</if>
		</trim>
		<trim prefix="values (" suffix=")" suffixOverrides=",">
			<if test="numInstalacao != null">
				#{numInstalacao,jdbcType=VARCHAR},
			</if>
			<if test="desClasse != null">
				#{desClasse,jdbcType=VARCHAR},
			</if>
			<if test="desFaixaSorteio != null">
				#{desFaixaSorteio,jdbcType=VARCHAR},
			</if>
			<if test="desRamoAtivCad != null">
				#{desRamoAtivCad,jdbcType=VARCHAR},
			</if>
			<if test="desRamoAtivSor != null">
				#{desRamoAtivSor,jdbcType=VARCHAR},
			</if>
			<if test="nomConsumidor != null">
				#{nomConsumidor,jdbcType=VARCHAR},
			</if>
			<if test="desNivelTensao != null">
				#{desNivelTensao,jdbcType=VARCHAR},
			</if>
			<if test="desTarifa != null">
				#{desTarifa,jdbcType=VARCHAR},
			</if>
			<if test="nomArquivoMedicao != null">
				#{nomArquivoMedicao,jdbcType=VARCHAR},
			</if>
			<if test="datInicial != null">
				#{datInicial,jdbcType=DATE},
			</if>
			<if test="datFinal != null">
				#{datFinal,jdbcType=DATE},
			</if>
			<if test="qtdDias != null">
				#{qtdDias,jdbcType=INTEGER},
			</if>
			<if test="desSituacao != null">
				#{desSituacao,jdbcType=VARCHAR},
			</if>
			<if test="desFaixaDefinitiva != null">
				#{desFaixaDefinitiva,jdbcType=VARCHAR},
			</if>
			<if test="desGrandCanal1 != null">
				#{desGrandCanal1,jdbcType=VARCHAR},
			</if>
			<if test="desGrandCanal2 != null">
				#{desGrandCanal2,jdbcType=VARCHAR},
			</if>
			<if test="desGrandCanal3 != null">
				#{desGrandCanal3,jdbcType=VARCHAR},
			</if>
			<if test="desRegiao != null">
				#{desRegiao,jdbcType=VARCHAR},
			</if>
			<if test="valFuso != null">
				#{valFuso,jdbcType=INTEGER},
			</if>
			<if test="valAbs != null">
				#{valAbs,jdbcType=INTEGER},
			</if>
			<if test="valOrd != null">
				#{valOrd,jdbcType=INTEGER},
			</if>
		</trim>
	</insert>
	<update id="updateByPrimaryKeySelective"
		parameterType="br.com.axxiom.ped435.model.entidade.dbcon435.dbo.TconsRevTarifaria">
		update DBCON435.dbo.TCONS_REV_TARIFARIA
		<set>
			<if test="desClasse != null">
				DES_CLASSE = #{desClasse,jdbcType=VARCHAR},
			</if>
			<if test="desFaixaSorteio != null">
				DES_FAIXA_SORTEIO = #{desFaixaSorteio,jdbcType=VARCHAR},
			</if>
			<if test="desRamoAtivCad != null">
				DES_RAMO_ATIV_CAD = #{desRamoAtivCad,jdbcType=VARCHAR},
			</if>
			<if test="desRamoAtivSor != null">
				DES_RAMO_ATIV_SOR = #{desRamoAtivSor,jdbcType=VARCHAR},
			</if>
			<if test="nomConsumidor != null">
				NOM_CONSUMIDOR = #{nomConsumidor,jdbcType=VARCHAR},
			</if>
			<if test="desNivelTensao != null">
				DES_NIVEL_TENSAO = #{desNivelTensao,jdbcType=VARCHAR},
			</if>
			<if test="desTarifa != null">
				DES_TARIFA = #{desTarifa,jdbcType=VARCHAR},
			</if>
			<if test="nomArquivoMedicao != null">
				NOM_ARQUIVO_MEDICAO =
				#{nomArquivoMedicao,jdbcType=VARCHAR},
			</if>
			<if test="datInicial != null">
				DAT_INICIAL = #{datInicial,jdbcType=DATE},
			</if>
			<if test="datFinal != null">
				DAT_FINAL = #{datFinal,jdbcType=DATE},
			</if>
			<if test="qtdDias != null">
				QTD_DIAS = #{qtdDias,jdbcType=INTEGER},
			</if>
			<if test="desSituacao != null">
				DES_SITUACAO = #{desSituacao,jdbcType=VARCHAR},
			</if>
			<if test="desFaixaDefinitiva != null">
				DES_FAIXA_DEFINITIVA =
				#{desFaixaDefinitiva,jdbcType=VARCHAR},
			</if>
			<if test="desGrandCanal1 != null">
				DES_GRAND_CANAL_1 = #{desGrandCanal1,jdbcType=VARCHAR},
			</if>
			<if test="desGrandCanal2 != null">
				DES_GRAND_CANAL_2 = #{desGrandCanal2,jdbcType=VARCHAR},
			</if>
			<if test="desGrandCanal3 != null">
				DES_GRAND_CANAL_3 = #{desGrandCanal3,jdbcType=VARCHAR},
			</if>
			<if test="desRegiao != null">
				DES_REGIAO = #{desRegiao,jdbcType=VARCHAR},
			</if>
			<if test="valFuso != null">
				VAL_FUSO = #{valFuso,jdbcType=INTEGER},
			</if>
			<if test="valAbs != null">
				VAL_ABS = #{valAbs,jdbcType=INTEGER},
			</if>
			<if test="valOrd != null">
				VAL_ORD = #{valOrd,jdbcType=INTEGER},
			</if>
		</set>
		where NUM_INSTALACAO = #{numInstalacao,jdbcType=VARCHAR}
	</update>
	<update id="updateByPrimaryKey"
		parameterType="br.com.axxiom.ped435.model.entidade.dbcon435.dbo.TconsRevTarifaria">
		update DBCON435.dbo.TCONS_REV_TARIFARIA
		set DES_CLASSE =
		#{desClasse,jdbcType=VARCHAR},
		DES_FAIXA_SORTEIO =
		#{desFaixaSorteio,jdbcType=VARCHAR},
		DES_RAMO_ATIV_CAD =
		#{desRamoAtivCad,jdbcType=VARCHAR},
		DES_RAMO_ATIV_SOR =
		#{desRamoAtivSor,jdbcType=VARCHAR},
		NOM_CONSUMIDOR =
		#{nomConsumidor,jdbcType=VARCHAR},
		DES_NIVEL_TENSAO =
		#{desNivelTensao,jdbcType=VARCHAR},
		DES_TARIFA =
		#{desTarifa,jdbcType=VARCHAR},
		NOM_ARQUIVO_MEDICAO =
		#{nomArquivoMedicao,jdbcType=VARCHAR},
		DAT_INICIAL =
		#{datInicial,jdbcType=DATE},
		DAT_FINAL = #{datFinal,jdbcType=DATE},
		QTD_DIAS = #{qtdDias,jdbcType=INTEGER},
		DES_SITUACAO =
		#{desSituacao,jdbcType=VARCHAR},
		DES_FAIXA_DEFINITIVA =
		#{desFaixaDefinitiva,jdbcType=VARCHAR},
		DES_GRAND_CANAL_1 =
		#{desGrandCanal1,jdbcType=VARCHAR},
		DES_GRAND_CANAL_2 =
		#{desGrandCanal2,jdbcType=VARCHAR},
		DES_GRAND_CANAL_3 =
		#{desGrandCanal3,jdbcType=VARCHAR},
		DES_REGIAO =
		#{desRegiao,jdbcType=VARCHAR},
		VAL_FUSO = #{valFuso,jdbcType=INTEGER},
		VAL_ABS = #{valAbs,jdbcType=INTEGER},
		VAL_ORD =
		#{valOrd,jdbcType=INTEGER}
		where NUM_INSTALACAO =
		#{numInstalacao,jdbcType=VARCHAR}
	</update>
</mapper>