<?xml version="1.0" encoding="UTF-8" ?>
<!DOCTYPE mapper PUBLIC "-//mybatis.org//DTD Mapper 3.0//EN" "http://mybatis.org/dtd/mybatis-3-mapper.dtd" >
<mapper namespace="br.com.axxiom.ped435.model.dao.dbcon435.dbo.TpesqEntrevistadoMapper" >
  <resultMap id="BaseResultMap" type="br.com.axxiom.ped435.model.entidade.dbcon435.dbo.TpesqEntrevistado" >
    <constructor >
      <idArg column="COD_ENTREVISTADO" jdbcType="INTEGER" javaType="java.lang.Integer" />
      <arg column="NOM_ENTREVISTADO" jdbcType="VARCHAR" javaType="java.lang.String" />
      <arg column="NUM_DDD" jdbcType="INTEGER" javaType="java.lang.Integer" />
      <arg column="NUM_TELEFONE" jdbcType="CHAR" javaType="java.lang.String" />
      <arg column="END_EMAIL" jdbcType="VARCHAR" javaType="java.lang.String" />
    </constructor>
  </resultMap>
  <sql id="Base_Column_List" >
    COD_ENTREVISTADO, NOM_ENTREVISTADO, NUM_DDD, NUM_TELEFONE, END_EMAIL
  </sql>
  <select id="selectByPrimaryKey" resultMap="BaseResultMap" parameterType="java.lang.Integer" >
    select 'false' as QUERYID,
    <include refid="Base_Column_List" />
    from DBCON435.dbo.TPESQ_ENTREVISTADO
    where COD_ENTREVISTADO = #{codEntrevistado,jdbcType=INTEGER}
  </select>
  <delete id="deleteByPrimaryKey" parameterType="java.lang.Integer" >
    delete from DBCON435.dbo.TPESQ_ENTREVISTADO
    where COD_ENTREVISTADO = #{codEntrevistado,jdbcType=INTEGER}
  </delete>
  <insert id="insert" parameterType="br.com.axxiom.ped435.model.entidade.dbcon435.dbo.TpesqEntrevistado" >
    insert into DBCON435.dbo.TPESQ_ENTREVISTADO (COD_ENTREVISTADO, NOM_ENTREVISTADO, 
      NUM_DDD, NUM_TELEFONE, END_EMAIL
      )
    values (#{codEntrevistado,jdbcType=INTEGER}, #{nomEntrevistado,jdbcType=VARCHAR}, 
      #{numDdd,jdbcType=INTEGER}, #{numTelefone,jdbcType=CHAR}, #{endEmail,jdbcType=VARCHAR}
      )
  </insert>
  <insert id="insertSelective" parameterType="br.com.axxiom.ped435.model.entidade.dbcon435.dbo.TpesqEntrevistado" >
    insert into DBCON435.dbo.TPESQ_ENTREVISTADO
    <trim prefix="(" suffix=")" suffixOverrides="," >
      <if test="codEntrevistado != null" >
        COD_ENTREVISTADO,
      </if>
      <if test="nomEntrevistado != null" >
        NOM_ENTREVISTADO,
      </if>
      <if test="numDdd != null" >
        NUM_DDD,
      </if>
      <if test="numTelefone != null" >
        NUM_TELEFONE,
      </if>
      <if test="endEmail != null" >
        END_EMAIL,
      </if>
    </trim>
    <trim prefix="values (" suffix=")" suffixOverrides="," >
      <if test="codEntrevistado != null" >
        #{codEntrevistado,jdbcType=INTEGER},
      </if>
      <if test="nomEntrevistado != null" >
        #{nomEntrevistado,jdbcType=VARCHAR},
      </if>
      <if test="numDdd != null" >
        #{numDdd,jdbcType=INTEGER},
      </if>
      <if test="numTelefone != null" >
        #{numTelefone,jdbcType=CHAR},
      </if>
      <if test="endEmail != null" >
        #{endEmail,jdbcType=VARCHAR},
      </if>
    </trim>
  </insert>
  <update id="updateByPrimaryKeySelective" parameterType="br.com.axxiom.ped435.model.entidade.dbcon435.dbo.TpesqEntrevistado" >
    update DBCON435.dbo.TPESQ_ENTREVISTADO
    <set >
      <if test="nomEntrevistado != null" >
        NOM_ENTREVISTADO = #{nomEntrevistado,jdbcType=VARCHAR},
      </if>
      <if test="numDdd != null" >
        NUM_DDD = #{numDdd,jdbcType=INTEGER},
      </if>
      <if test="numTelefone != null" >
        NUM_TELEFONE = #{numTelefone,jdbcType=CHAR},
      </if>
      <if test="endEmail != null" >
        END_EMAIL = #{endEmail,jdbcType=VARCHAR},
      </if>
    </set>
    where COD_ENTREVISTADO = #{codEntrevistado,jdbcType=INTEGER}
  </update>
  <update id="updateByPrimaryKey" parameterType="br.com.axxiom.ped435.model.entidade.dbcon435.dbo.TpesqEntrevistado" >
    update DBCON435.dbo.TPESQ_ENTREVISTADO
    set NOM_ENTREVISTADO = #{nomEntrevistado,jdbcType=VARCHAR},
      NUM_DDD = #{numDdd,jdbcType=INTEGER},
      NUM_TELEFONE = #{numTelefone,jdbcType=CHAR},
      END_EMAIL = #{endEmail,jdbcType=VARCHAR}
    where COD_ENTREVISTADO = #{codEntrevistado,jdbcType=INTEGER}
  </update>
</mapper>