<?xml version="1.0" encoding="UTF-8" ?>
<!DOCTYPE mapper PUBLIC "-//mybatis.org//DTD Mapper 3.0//EN" "http://mybatis.org/dtd/mybatis-3-mapper.dtd" >
<mapper namespace="br.com.axxiom.ped435.model.dao.dbcon435.dbo.TpesqMedidaEconomicaMapper" >
  <resultMap id="BaseResultMap" type="br.com.axxiom.ped435.model.entidade.dbcon435.dbo.TpesqMedidaEconomica" >
    <constructor >
      <idArg column="COD_MEDIDA_ECONOMICA" jdbcType="INTEGER" javaType="java.lang.Integer" />
      <arg column="COD_TIPO_MEDIDA_ECONOMICA" jdbcType="VARCHAR" javaType="java.lang.String" />
      <arg column="DES_MEDIDA_ECONOMICA" jdbcType="VARCHAR" javaType="java.lang.String" />
    </constructor>
  </resultMap>
  <sql id="Base_Column_List" >
    COD_MEDIDA_ECONOMICA, COD_TIPO_MEDIDA_ECONOMICA, DES_MEDIDA_ECONOMICA
  </sql>
  <select id="selectByPrimaryKey" resultMap="BaseResultMap" parameterType="java.lang.Integer" >
    select 'false' as QUERYID,
    <include refid="Base_Column_List" />
    from DBCON435.dbo.TPESQ_MEDIDA_ECONOMICA
    where COD_MEDIDA_ECONOMICA = #{codMedidaEconomica,jdbcType=INTEGER}
  </select>
  <delete id="deleteByPrimaryKey" parameterType="java.lang.Integer" >
    delete from DBCON435.dbo.TPESQ_MEDIDA_ECONOMICA
    where COD_MEDIDA_ECONOMICA = #{codMedidaEconomica,jdbcType=INTEGER}
  </delete>
  <insert id="insert" parameterType="br.com.axxiom.ped435.model.entidade.dbcon435.dbo.TpesqMedidaEconomica" >
    insert into DBCON435.dbo.TPESQ_MEDIDA_ECONOMICA (COD_MEDIDA_ECONOMICA, COD_TIPO_MEDIDA_ECONOMICA, 
      DES_MEDIDA_ECONOMICA)
    values (#{codMedidaEconomica,jdbcType=INTEGER}, #{codTipoMedidaEconomica,jdbcType=VARCHAR}, 
      #{desMedidaEconomica,jdbcType=VARCHAR})
  </insert>
  <insert id="insertSelective" parameterType="br.com.axxiom.ped435.model.entidade.dbcon435.dbo.TpesqMedidaEconomica" >
    insert into DBCON435.dbo.TPESQ_MEDIDA_ECONOMICA
    <trim prefix="(" suffix=")" suffixOverrides="," >
      <if test="codMedidaEconomica != null" >
        COD_MEDIDA_ECONOMICA,
      </if>
      <if test="codTipoMedidaEconomica != null" >
        COD_TIPO_MEDIDA_ECONOMICA,
      </if>
      <if test="desMedidaEconomica != null" >
        DES_MEDIDA_ECONOMICA,
      </if>
    </trim>
    <trim prefix="values (" suffix=")" suffixOverrides="," >
      <if test="codMedidaEconomica != null" >
        #{codMedidaEconomica,jdbcType=INTEGER},
      </if>
      <if test="codTipoMedidaEconomica != null" >
        #{codTipoMedidaEconomica,jdbcType=VARCHAR},
      </if>
      <if test="desMedidaEconomica != null" >
        #{desMedidaEconomica,jdbcType=VARCHAR},
      </if>
    </trim>
  </insert>
  <update id="updateByPrimaryKeySelective" parameterType="br.com.axxiom.ped435.model.entidade.dbcon435.dbo.TpesqMedidaEconomica" >
    update DBCON435.dbo.TPESQ_MEDIDA_ECONOMICA
    <set >
      <if test="codTipoMedidaEconomica != null" >
        COD_TIPO_MEDIDA_ECONOMICA = #{codTipoMedidaEconomica,jdbcType=VARCHAR},
      </if>
      <if test="desMedidaEconomica != null" >
        DES_MEDIDA_ECONOMICA = #{desMedidaEconomica,jdbcType=VARCHAR},
      </if>
    </set>
    where COD_MEDIDA_ECONOMICA = #{codMedidaEconomica,jdbcType=INTEGER}
  </update>
  <update id="updateByPrimaryKey" parameterType="br.com.axxiom.ped435.model.entidade.dbcon435.dbo.TpesqMedidaEconomica" >
    update DBCON435.dbo.TPESQ_MEDIDA_ECONOMICA
    set COD_TIPO_MEDIDA_ECONOMICA = #{codTipoMedidaEconomica,jdbcType=VARCHAR},
      DES_MEDIDA_ECONOMICA = #{desMedidaEconomica,jdbcType=VARCHAR}
    where COD_MEDIDA_ECONOMICA = #{codMedidaEconomica,jdbcType=INTEGER}
  </update>
</mapper>