<?xml version="1.0" encoding="UTF-8" ?>
<!DOCTYPE mapper PUBLIC "-//mybatis.org//DTD Mapper 3.0//EN" "http://mybatis.org/dtd/mybatis-3-mapper.dtd" >
<mapper namespace="br.com.axxiom.ped435.model.dao.dbcon435.dbo.TpesqEquipamentoMapper" >
  <resultMap id="BaseResultMap" type="br.com.axxiom.ped435.model.entidade.dbcon435.dbo.TpesqEquipamento" >
    <constructor >
      <idArg column="COD_EQUIPAMENTO" jdbcType="INTEGER" javaType="java.lang.Integer" />
      <arg column="DES_EQUIPAMENTO" jdbcType="VARCHAR" javaType="java.lang.String" />
    </constructor>
  </resultMap>
  <sql id="Base_Column_List" >
    COD_EQUIPAMENTO, DES_EQUIPAMENTO
  </sql>
  <select id="selectByPrimaryKey" resultMap="BaseResultMap" parameterType="java.lang.Integer" >
    select 'false' as QUERYID,
    <include refid="Base_Column_List" />
    from DBCON435.dbo.TPESQ_EQUIPAMENTO
    where COD_EQUIPAMENTO = #{codEquipamento,jdbcType=INTEGER}
  </select>
  <delete id="deleteByPrimaryKey" parameterType="java.lang.Integer" >
    delete from DBCON435.dbo.TPESQ_EQUIPAMENTO
    where COD_EQUIPAMENTO = #{codEquipamento,jdbcType=INTEGER}
  </delete>
  <insert id="insert" parameterType="br.com.axxiom.ped435.model.entidade.dbcon435.dbo.TpesqEquipamento" >
    insert into DBCON435.dbo.TPESQ_EQUIPAMENTO (COD_EQUIPAMENTO, DES_EQUIPAMENTO)
    values (#{codEquipamento,jdbcType=INTEGER}, #{desEquipamento,jdbcType=VARCHAR})
  </insert>
  <insert id="insertSelective" parameterType="br.com.axxiom.ped435.model.entidade.dbcon435.dbo.TpesqEquipamento" >
    insert into DBCON435.dbo.TPESQ_EQUIPAMENTO
    <trim prefix="(" suffix=")" suffixOverrides="," >
      <if test="codEquipamento != null" >
        COD_EQUIPAMENTO,
      </if>
      <if test="desEquipamento != null" >
        DES_EQUIPAMENTO,
      </if>
    </trim>
    <trim prefix="values (" suffix=")" suffixOverrides="," >
      <if test="codEquipamento != null" >
        #{codEquipamento,jdbcType=INTEGER},
      </if>
      <if test="desEquipamento != null" >
        #{desEquipamento,jdbcType=VARCHAR},
      </if>
    </trim>
  </insert>
  <update id="updateByPrimaryKeySelective" parameterType="br.com.axxiom.ped435.model.entidade.dbcon435.dbo.TpesqEquipamento" >
    update DBCON435.dbo.TPESQ_EQUIPAMENTO
    <set >
      <if test="desEquipamento != null" >
        DES_EQUIPAMENTO = #{desEquipamento,jdbcType=VARCHAR},
      </if>
    </set>
    where COD_EQUIPAMENTO = #{codEquipamento,jdbcType=INTEGER}
  </update>
  <update id="updateByPrimaryKey" parameterType="br.com.axxiom.ped435.model.entidade.dbcon435.dbo.TpesqEquipamento" >
    update DBCON435.dbo.TPESQ_EQUIPAMENTO
    set DES_EQUIPAMENTO = #{desEquipamento,jdbcType=VARCHAR}
    where COD_EQUIPAMENTO = #{codEquipamento,jdbcType=INTEGER}
  </update>
</mapper>