<?xml version="1.0" encoding="UTF-8" ?>
<!DOCTYPE mapper PUBLIC "-//mybatis.org//DTD Mapper 3.0//EN" "http://mybatis.org/dtd/mybatis-3-mapper.dtd" >
<mapper namespace="br.com.axxiom.ped435.model.dao.dbcon435.dbo.TpesqEscalaMapper" >
  <resultMap id="BaseResultMap" type="br.com.axxiom.ped435.model.entidade.dbcon435.dbo.TpesqEscala" >
    <constructor >
      <idArg column="COD_ESCALA" jdbcType="VARCHAR" javaType="java.lang.String" />
      <arg column="DES_ESCALA" jdbcType="VARCHAR" javaType="java.lang.String" />
    </constructor>
  </resultMap>
  <sql id="Base_Column_List" >
    COD_ESCALA, DES_ESCALA
  </sql>
  <select id="selectByPrimaryKey" resultMap="BaseResultMap" parameterType="java.lang.String" >
    select 'false' as QUERYID,
    <include refid="Base_Column_List" />
    from DBCON435.dbo.TPESQ_ESCALA
    where COD_ESCALA = #{codEscala,jdbcType=VARCHAR}
  </select>
  <delete id="deleteByPrimaryKey" parameterType="java.lang.String" >
    delete from DBCON435.dbo.TPESQ_ESCALA
    where COD_ESCALA = #{codEscala,jdbcType=VARCHAR}
  </delete>
  <insert id="insert" parameterType="br.com.axxiom.ped435.model.entidade.dbcon435.dbo.TpesqEscala" >
    insert into DBCON435.dbo.TPESQ_ESCALA (COD_ESCALA, DES_ESCALA)
    values (#{codEscala,jdbcType=VARCHAR}, #{desEscala,jdbcType=VARCHAR})
  </insert>
  <insert id="insertSelective" parameterType="br.com.axxiom.ped435.model.entidade.dbcon435.dbo.TpesqEscala" >
    insert into DBCON435.dbo.TPESQ_ESCALA
    <trim prefix="(" suffix=")" suffixOverrides="," >
      <if test="codEscala != null" >
        COD_ESCALA,
      </if>
      <if test="desEscala != null" >
        DES_ESCALA,
      </if>
    </trim>
    <trim prefix="values (" suffix=")" suffixOverrides="," >
      <if test="codEscala != null" >
        #{codEscala,jdbcType=VARCHAR},
      </if>
      <if test="desEscala != null" >
        #{desEscala,jdbcType=VARCHAR},
      </if>
    </trim>
  </insert>
  <update id="updateByPrimaryKeySelective" parameterType="br.com.axxiom.ped435.model.entidade.dbcon435.dbo.TpesqEscala" >
    update DBCON435.dbo.TPESQ_ESCALA
    <set >
      <if test="desEscala != null" >
        DES_ESCALA = #{desEscala,jdbcType=VARCHAR},
      </if>
    </set>
    where COD_ESCALA = #{codEscala,jdbcType=VARCHAR}
  </update>
  <update id="updateByPrimaryKey" parameterType="br.com.axxiom.ped435.model.entidade.dbcon435.dbo.TpesqEscala" >
    update DBCON435.dbo.TPESQ_ESCALA
    set DES_ESCALA = #{desEscala,jdbcType=VARCHAR}
    where COD_ESCALA = #{codEscala,jdbcType=VARCHAR}
  </update>
</mapper>