<?xml version="1.0" encoding="UTF-8" ?>
<!DOCTYPE mapper PUBLIC "-//mybatis.org//DTD Mapper 3.0//EN" "http://mybatis.org/dtd/mybatis-3-mapper.dtd" >
<mapper namespace="br.com.axxiom.ped435.model.dao.dbcon435.dbo.TpesqEntrevistaMapper" >
  <resultMap id="BaseResultMap" type="br.com.axxiom.ped435.model.entidade.dbcon435.dbo.TpesqEntrevista" >
    <constructor >
      <idArg column="COD_ENTREVISTA" jdbcType="INTEGER" javaType="java.lang.Integer" />
      <arg column="COD_ENTREVISTADOR" jdbcType="INTEGER" javaType="java.lang.Integer" />
      <arg column="COD_ENTREVISTADO" jdbcType="INTEGER" javaType="java.lang.Integer" />
      <arg column="COD_ESTABELECIMENTO" jdbcType="INTEGER" javaType="java.lang.Integer" />
      <arg column="DAT_INICIO_ENTREVISTA" jdbcType="TIMESTAMP" javaType="java.util.Date" />
      <arg column="DAT_TERMINO_ENTREVISTA" jdbcType="TIMESTAMP" javaType="java.util.Date" />
      <arg column="DAT_ENTREVISTA" jdbcType="TIMESTAMP" javaType="java.util.Date" />
      <arg column="COD_DISPOSITIVO_ENTREVISTA" jdbcType="VARCHAR" javaType="java.lang.String" />
    </constructor>
  </resultMap>
  <sql id="Base_Column_List" >
    COD_ENTREVISTA, COD_ENTREVISTADOR, COD_ENTREVISTADO, COD_ESTABELECIMENTO, DAT_INICIO_ENTREVISTA, 
    DAT_TERMINO_ENTREVISTA, DAT_ENTREVISTA, COD_DISPOSITIVO_ENTREVISTA
  </sql>
  <select id="selectByPrimaryKey" resultMap="BaseResultMap" parameterType="java.lang.Integer" >
    select 'false' as QUERYID,
    <include refid="Base_Column_List" />
    from DBCON435.dbo.TPESQ_ENTREVISTA
    where COD_ENTREVISTA = #{codEntrevista,jdbcType=INTEGER}
  </select>
  <delete id="deleteByPrimaryKey" parameterType="java.lang.Integer" >
    delete from DBCON435.dbo.TPESQ_ENTREVISTA
    where COD_ENTREVISTA = #{codEntrevista,jdbcType=INTEGER}
  </delete>
  <insert id="insert" parameterType="br.com.axxiom.ped435.model.entidade.dbcon435.dbo.TpesqEntrevista" >
    insert into DBCON435.dbo.TPESQ_ENTREVISTA (COD_ENTREVISTA, COD_ENTREVISTADOR, 
      COD_ENTREVISTADO, COD_ESTABELECIMENTO, DAT_INICIO_ENTREVISTA, 
      DAT_TERMINO_ENTREVISTA, DAT_ENTREVISTA, 
      COD_DISPOSITIVO_ENTREVISTA)
    values (#{codEntrevista,jdbcType=INTEGER}, #{codEntrevistador,jdbcType=INTEGER}, 
      #{codEntrevistado,jdbcType=INTEGER}, #{codEstabelecimento,jdbcType=INTEGER}, #{datInicioEntrevista,jdbcType=TIMESTAMP}, 
      #{datTerminoEntrevista,jdbcType=TIMESTAMP}, #{datEntrevista,jdbcType=TIMESTAMP}, 
      #{codDispositivoEntrevista,jdbcType=VARCHAR})
  </insert>
  <insert id="insertSelective" parameterType="br.com.axxiom.ped435.model.entidade.dbcon435.dbo.TpesqEntrevista" >
    insert into DBCON435.dbo.TPESQ_ENTREVISTA
    <trim prefix="(" suffix=")" suffixOverrides="," >
      <if test="codEntrevista != null" >
        COD_ENTREVISTA,
      </if>
      <if test="codEntrevistador != null" >
        COD_ENTREVISTADOR,
      </if>
      <if test="codEntrevistado != null" >
        COD_ENTREVISTADO,
      </if>
      <if test="codEstabelecimento != null" >
        COD_ESTABELECIMENTO,
      </if>
      <if test="datInicioEntrevista != null" >
        DAT_INICIO_ENTREVISTA,
      </if>
      <if test="datTerminoEntrevista != null" >
        DAT_TERMINO_ENTREVISTA,
      </if>
      <if test="datEntrevista != null" >
        DAT_ENTREVISTA,
      </if>
      <if test="codDispositivoEntrevista != null" >
        COD_DISPOSITIVO_ENTREVISTA,
      </if>
    </trim>
    <trim prefix="values (" suffix=")" suffixOverrides="," >
      <if test="codEntrevista != null" >
        #{codEntrevista,jdbcType=INTEGER},
      </if>
      <if test="codEntrevistador != null" >
        #{codEntrevistador,jdbcType=INTEGER},
      </if>
      <if test="codEntrevistado != null" >
        #{codEntrevistado,jdbcType=INTEGER},
      </if>
      <if test="codEstabelecimento != null" >
        #{codEstabelecimento,jdbcType=INTEGER},
      </if>
      <if test="datInicioEntrevista != null" >
        #{datInicioEntrevista,jdbcType=TIMESTAMP},
      </if>
      <if test="datTerminoEntrevista != null" >
        #{datTerminoEntrevista,jdbcType=TIMESTAMP},
      </if>
      <if test="datEntrevista != null" >
        #{datEntrevista,jdbcType=TIMESTAMP},
      </if>
      <if test="codDispositivoEntrevista != null" >
        #{codDispositivoEntrevista,jdbcType=VARCHAR},
      </if>
    </trim>
  </insert>
  <update id="updateByPrimaryKeySelective" parameterType="br.com.axxiom.ped435.model.entidade.dbcon435.dbo.TpesqEntrevista" >
    update DBCON435.dbo.TPESQ_ENTREVISTA
    <set >
      <if test="codEntrevistador != null" >
        COD_ENTREVISTADOR = #{codEntrevistador,jdbcType=INTEGER},
      </if>
      <if test="codEntrevistado != null" >
        COD_ENTREVISTADO = #{codEntrevistado,jdbcType=INTEGER},
      </if>
      <if test="codEstabelecimento != null" >
        COD_ESTABELECIMENTO = #{codEstabelecimento,jdbcType=INTEGER},
      </if>
      <if test="datInicioEntrevista != null" >
        DAT_INICIO_ENTREVISTA = #{datInicioEntrevista,jdbcType=TIMESTAMP},
      </if>
      <if test="datTerminoEntrevista != null" >
        DAT_TERMINO_ENTREVISTA = #{datTerminoEntrevista,jdbcType=TIMESTAMP},
      </if>
      <if test="datEntrevista != null" >
        DAT_ENTREVISTA = #{datEntrevista,jdbcType=TIMESTAMP},
      </if>
      <if test="codDispositivoEntrevista != null" >
        COD_DISPOSITIVO_ENTREVISTA = #{codDispositivoEntrevista,jdbcType=VARCHAR},
      </if>
    </set>
    where COD_ENTREVISTA = #{codEntrevista,jdbcType=INTEGER}
  </update>
  <update id="updateByPrimaryKey" parameterType="br.com.axxiom.ped435.model.entidade.dbcon435.dbo.TpesqEntrevista" >
    update DBCON435.dbo.TPESQ_ENTREVISTA
    set COD_ENTREVISTADOR = #{codEntrevistador,jdbcType=INTEGER},
      COD_ENTREVISTADO = #{codEntrevistado,jdbcType=INTEGER},
      COD_ESTABELECIMENTO = #{codEstabelecimento,jdbcType=INTEGER},
      DAT_INICIO_ENTREVISTA = #{datInicioEntrevista,jdbcType=TIMESTAMP},
      DAT_TERMINO_ENTREVISTA = #{datTerminoEntrevista,jdbcType=TIMESTAMP},
      DAT_ENTREVISTA = #{datEntrevista,jdbcType=TIMESTAMP},
      COD_DISPOSITIVO_ENTREVISTA = #{codDispositivoEntrevista,jdbcType=VARCHAR}
    where COD_ENTREVISTA = #{codEntrevista,jdbcType=INTEGER}
  </update>
</mapper>