<?xml version="1.0" encoding="UTF-8" ?>
<!DOCTYPE mapper PUBLIC "-//mybatis.org//DTD Mapper 3.0//EN" "http://mybatis.org/dtd/mybatis-3-mapper.dtd" >
<mapper namespace="br.com.axxiom.ped435.model.dao.dbcon435.dbo.TpesqTipoMedidaEconomicaMapper" >
  <resultMap id="BaseResultMap" type="br.com.axxiom.ped435.model.entidade.dbcon435.dbo.TpesqTipoMedidaEconomica" >
    <constructor >
      <idArg column="COD_TIPO_MEDIDA_ECONOMICA" jdbcType="VARCHAR" javaType="java.lang.String" />
      <arg column="DES_TIPO_MEDIDA_ECONOMICA" jdbcType="VARCHAR" javaType="java.lang.String" />
    </constructor>
  </resultMap>
  <sql id="Base_Column_List" >
    COD_TIPO_MEDIDA_ECONOMICA, DES_TIPO_MEDIDA_ECONOMICA
  </sql>
  <select id="selectByPrimaryKey" resultMap="BaseResultMap" parameterType="java.lang.String" >
    select 'false' as QUERYID,
    <include refid="Base_Column_List" />
    from DBCON435.dbo.TPESQ_TIPO_MEDIDA_ECONOMICA
    where COD_TIPO_MEDIDA_ECONOMICA = #{codTipoMedidaEconomica,jdbcType=VARCHAR}
  </select>
  <delete id="deleteByPrimaryKey" parameterType="java.lang.String" >
    delete from DBCON435.dbo.TPESQ_TIPO_MEDIDA_ECONOMICA
    where COD_TIPO_MEDIDA_ECONOMICA = #{codTipoMedidaEconomica,jdbcType=VARCHAR}
  </delete>
  <insert id="insert" parameterType="br.com.axxiom.ped435.model.entidade.dbcon435.dbo.TpesqTipoMedidaEconomica" >
    insert into DBCON435.dbo.TPESQ_TIPO_MEDIDA_ECONOMICA (COD_TIPO_MEDIDA_ECONOMICA, DES_TIPO_MEDIDA_ECONOMICA
      )
    values (#{codTipoMedidaEconomica,jdbcType=VARCHAR}, #{desTipoMedidaEconomica,jdbcType=VARCHAR}
      )
  </insert>
  <insert id="insertSelective" parameterType="br.com.axxiom.ped435.model.entidade.dbcon435.dbo.TpesqTipoMedidaEconomica" >
    insert into DBCON435.dbo.TPESQ_TIPO_MEDIDA_ECONOMICA
    <trim prefix="(" suffix=")" suffixOverrides="," >
      <if test="codTipoMedidaEconomica != null" >
        COD_TIPO_MEDIDA_ECONOMICA,
      </if>
      <if test="desTipoMedidaEconomica != null" >
        DES_TIPO_MEDIDA_ECONOMICA,
      </if>
    </trim>
    <trim prefix="values (" suffix=")" suffixOverrides="," >
      <if test="codTipoMedidaEconomica != null" >
        #{codTipoMedidaEconomica,jdbcType=VARCHAR},
      </if>
      <if test="desTipoMedidaEconomica != null" >
        #{desTipoMedidaEconomica,jdbcType=VARCHAR},
      </if>
    </trim>
  </insert>
  <update id="updateByPrimaryKeySelective" parameterType="br.com.axxiom.ped435.model.entidade.dbcon435.dbo.TpesqTipoMedidaEconomica" >
    update DBCON435.dbo.TPESQ_TIPO_MEDIDA_ECONOMICA
    <set >
      <if test="desTipoMedidaEconomica != null" >
        DES_TIPO_MEDIDA_ECONOMICA = #{desTipoMedidaEconomica,jdbcType=VARCHAR},
      </if>
    </set>
    where COD_TIPO_MEDIDA_ECONOMICA = #{codTipoMedidaEconomica,jdbcType=VARCHAR}
  </update>
  <update id="updateByPrimaryKey" parameterType="br.com.axxiom.ped435.model.entidade.dbcon435.dbo.TpesqTipoMedidaEconomica" >
    update DBCON435.dbo.TPESQ_TIPO_MEDIDA_ECONOMICA
    set DES_TIPO_MEDIDA_ECONOMICA = #{desTipoMedidaEconomica,jdbcType=VARCHAR}
    where COD_TIPO_MEDIDA_ECONOMICA = #{codTipoMedidaEconomica,jdbcType=VARCHAR}
  </update>
</mapper>