<?xml version="1.0" encoding="UTF-8" ?>
<!DOCTYPE mapper PUBLIC "-//mybatis.org//DTD Mapper 3.0//EN" "http://mybatis.org/dtd/mybatis-3-mapper.dtd" >
<mapper namespace="br.com.axxiom.ped435.model.dao.dbcon435.dbo.TpesqEntrevistadorMapper" >
  <resultMap id="BaseResultMap" type="br.com.axxiom.ped435.model.entidade.dbcon435.dbo.TpesqEntrevistador" >
    <constructor >
      <idArg column="COD_ENTREVISTADOR" jdbcType="INTEGER" javaType="java.lang.Integer" />
      <arg column="NOM_ENTREVISTADOR" jdbcType="VARCHAR" javaType="java.lang.String" />
    </constructor>
  </resultMap>
  <sql id="Base_Column_List" >
    COD_ENTREVISTADOR, NOM_ENTREVISTADOR
  </sql>
  <select id="selectByPrimaryKey" resultMap="BaseResultMap" parameterType="java.lang.Integer" >
    select 'false' as QUERYID,
    <include refid="Base_Column_List" />
    from DBCON435.dbo.TPESQ_ENTREVISTADOR
    where COD_ENTREVISTADOR = #{codEntrevistador,jdbcType=INTEGER}
  </select>
  <delete id="deleteByPrimaryKey" parameterType="java.lang.Integer" >
    delete from DBCON435.dbo.TPESQ_ENTREVISTADOR
    where COD_ENTREVISTADOR = #{codEntrevistador,jdbcType=INTEGER}
  </delete>
  <insert id="insert" parameterType="br.com.axxiom.ped435.model.entidade.dbcon435.dbo.TpesqEntrevistador" >
    insert into DBCON435.dbo.TPESQ_ENTREVISTADOR (COD_ENTREVISTADOR, NOM_ENTREVISTADOR
      )
    values (#{codEntrevistador,jdbcType=INTEGER}, #{nomEntrevistador,jdbcType=VARCHAR}
      )
  </insert>
  <insert id="insertSelective" parameterType="br.com.axxiom.ped435.model.entidade.dbcon435.dbo.TpesqEntrevistador" >
    insert into DBCON435.dbo.TPESQ_ENTREVISTADOR
    <trim prefix="(" suffix=")" suffixOverrides="," >
      <if test="codEntrevistador != null" >
        COD_ENTREVISTADOR,
      </if>
      <if test="nomEntrevistador != null" >
        NOM_ENTREVISTADOR,
      </if>
    </trim>
    <trim prefix="values (" suffix=")" suffixOverrides="," >
      <if test="codEntrevistador != null" >
        #{codEntrevistador,jdbcType=INTEGER},
      </if>
      <if test="nomEntrevistador != null" >
        #{nomEntrevistador,jdbcType=VARCHAR},
      </if>
    </trim>
  </insert>
  <update id="updateByPrimaryKeySelective" parameterType="br.com.axxiom.ped435.model.entidade.dbcon435.dbo.TpesqEntrevistador" >
    update DBCON435.dbo.TPESQ_ENTREVISTADOR
    <set >
      <if test="nomEntrevistador != null" >
        NOM_ENTREVISTADOR = #{nomEntrevistador,jdbcType=VARCHAR},
      </if>
    </set>
    where COD_ENTREVISTADOR = #{codEntrevistador,jdbcType=INTEGER}
  </update>
  <update id="updateByPrimaryKey" parameterType="br.com.axxiom.ped435.model.entidade.dbcon435.dbo.TpesqEntrevistador" >
    update DBCON435.dbo.TPESQ_ENTREVISTADOR
    set NOM_ENTREVISTADOR = #{nomEntrevistador,jdbcType=VARCHAR}
    where COD_ENTREVISTADOR = #{codEntrevistador,jdbcType=INTEGER}
  </update>
</mapper>