<?xml version="1.0" encoding="UTF-8" ?>
<!DOCTYPE mapper PUBLIC "-//mybatis.org//DTD Mapper 3.0//EN" "http://mybatis.org/dtd/mybatis-3-mapper.dtd" >
<mapper namespace="br.com.axxiom.ped435.model.dao.dbcon435.dbo.TpesqDomicilioMapper" >
  <resultMap id="BaseResultMap" type="br.com.axxiom.ped435.model.entidade.dbcon435.dbo.TpesqDomicilio" >
    <constructor >
      <idArg column="COD_DOMICILIO" jdbcType="VARCHAR" javaType="java.lang.String" />
      <arg column="DES_DOMICILIO" jdbcType="VARCHAR" javaType="java.lang.String" />
    </constructor>
  </resultMap>
  <sql id="Base_Column_List" >
    COD_DOMICILIO, DES_DOMICILIO
  </sql>
  <select id="selectByPrimaryKey" resultMap="BaseResultMap" parameterType="java.lang.String" >
    select 'false' as QUERYID,
    <include refid="Base_Column_List" />
    from DBCON435.dbo.TPESQ_DOMICILIO
    where COD_DOMICILIO = #{codDomicilio,jdbcType=VARCHAR}
  </select>
  <delete id="deleteByPrimaryKey" parameterType="java.lang.String" >
    delete from DBCON435.dbo.TPESQ_DOMICILIO
    where COD_DOMICILIO = #{codDomicilio,jdbcType=VARCHAR}
  </delete>
  <insert id="insert" parameterType="br.com.axxiom.ped435.model.entidade.dbcon435.dbo.TpesqDomicilio" >
    insert into DBCON435.dbo.TPESQ_DOMICILIO (COD_DOMICILIO, DES_DOMICILIO)
    values (#{codDomicilio,jdbcType=VARCHAR}, #{desDomicilio,jdbcType=VARCHAR})
  </insert>
  <insert id="insertSelective" parameterType="br.com.axxiom.ped435.model.entidade.dbcon435.dbo.TpesqDomicilio" >
    insert into DBCON435.dbo.TPESQ_DOMICILIO
    <trim prefix="(" suffix=")" suffixOverrides="," >
      <if test="codDomicilio != null" >
        COD_DOMICILIO,
      </if>
      <if test="desDomicilio != null" >
        DES_DOMICILIO,
      </if>
    </trim>
    <trim prefix="values (" suffix=")" suffixOverrides="," >
      <if test="codDomicilio != null" >
        #{codDomicilio,jdbcType=VARCHAR},
      </if>
      <if test="desDomicilio != null" >
        #{desDomicilio,jdbcType=VARCHAR},
      </if>
    </trim>
  </insert>
  <update id="updateByPrimaryKeySelective" parameterType="br.com.axxiom.ped435.model.entidade.dbcon435.dbo.TpesqDomicilio" >
    update DBCON435.dbo.TPESQ_DOMICILIO
    <set >
      <if test="desDomicilio != null" >
        DES_DOMICILIO = #{desDomicilio,jdbcType=VARCHAR},
      </if>
    </set>
    where COD_DOMICILIO = #{codDomicilio,jdbcType=VARCHAR}
  </update>
  <update id="updateByPrimaryKey" parameterType="br.com.axxiom.ped435.model.entidade.dbcon435.dbo.TpesqDomicilio" >
    update DBCON435.dbo.TPESQ_DOMICILIO
    set DES_DOMICILIO = #{desDomicilio,jdbcType=VARCHAR}
    where COD_DOMICILIO = #{codDomicilio,jdbcType=VARCHAR}
  </update>
</mapper>