<?xml version="1.0" encoding="UTF-8" ?>
<!DOCTYPE mapper PUBLIC "-//mybatis.org//DTD Mapper 3.0//EN" "http://mybatis.org/dtd/mybatis-3-mapper.dtd" >
<mapper namespace="br.com.axxiom.ped435.model.dao.dbcon435.dbo.TpesqUsoEquipamentoMapper" >
  <resultMap id="BaseResultMap" type="br.com.axxiom.ped435.model.entidade.dbcon435.dbo.TpesqUsoEquipamento" >
    <constructor >
      <idArg column="COD_USO_EQUIPAMENTO" jdbcType="INTEGER" javaType="java.lang.Integer" />
      <arg column="DES_USO_EQUIPAMENTO" jdbcType="VARCHAR" javaType="java.lang.String" />
    </constructor>
  </resultMap>
  <sql id="Base_Column_List" >
    COD_USO_EQUIPAMENTO, DES_USO_EQUIPAMENTO
  </sql>
  <select id="selectByPrimaryKey" resultMap="BaseResultMap" parameterType="java.lang.Integer" >
    select 'false' as QUERYID,
    <include refid="Base_Column_List" />
    from DBCON435.dbo.TPESQ_USO_EQUIPAMENTO
    where COD_USO_EQUIPAMENTO = #{codUsoEquipamento,jdbcType=INTEGER}
  </select>
  <delete id="deleteByPrimaryKey" parameterType="java.lang.Integer" >
    delete from DBCON435.dbo.TPESQ_USO_EQUIPAMENTO
    where COD_USO_EQUIPAMENTO = #{codUsoEquipamento,jdbcType=INTEGER}
  </delete>
  <insert id="insert" parameterType="br.com.axxiom.ped435.model.entidade.dbcon435.dbo.TpesqUsoEquipamento" >
    insert into DBCON435.dbo.TPESQ_USO_EQUIPAMENTO (COD_USO_EQUIPAMENTO, DES_USO_EQUIPAMENTO
      )
    values (#{codUsoEquipamento,jdbcType=INTEGER}, #{desUsoEquipamento,jdbcType=VARCHAR}
      )
  </insert>
  <insert id="insertSelective" parameterType="br.com.axxiom.ped435.model.entidade.dbcon435.dbo.TpesqUsoEquipamento" >
    insert into DBCON435.dbo.TPESQ_USO_EQUIPAMENTO
    <trim prefix="(" suffix=")" suffixOverrides="," >
      <if test="codUsoEquipamento != null" >
        COD_USO_EQUIPAMENTO,
      </if>
      <if test="desUsoEquipamento != null" >
        DES_USO_EQUIPAMENTO,
      </if>
    </trim>
    <trim prefix="values (" suffix=")" suffixOverrides="," >
      <if test="codUsoEquipamento != null" >
        #{codUsoEquipamento,jdbcType=INTEGER},
      </if>
      <if test="desUsoEquipamento != null" >
        #{desUsoEquipamento,jdbcType=VARCHAR},
      </if>
    </trim>
  </insert>
  <update id="updateByPrimaryKeySelective" parameterType="br.com.axxiom.ped435.model.entidade.dbcon435.dbo.TpesqUsoEquipamento" >
    update DBCON435.dbo.TPESQ_USO_EQUIPAMENTO
    <set >
      <if test="desUsoEquipamento != null" >
        DES_USO_EQUIPAMENTO = #{desUsoEquipamento,jdbcType=VARCHAR},
      </if>
    </set>
    where COD_USO_EQUIPAMENTO = #{codUsoEquipamento,jdbcType=INTEGER}
  </update>
  <update id="updateByPrimaryKey" parameterType="br.com.axxiom.ped435.model.entidade.dbcon435.dbo.TpesqUsoEquipamento" >
    update DBCON435.dbo.TPESQ_USO_EQUIPAMENTO
    set DES_USO_EQUIPAMENTO = #{desUsoEquipamento,jdbcType=VARCHAR}
    where COD_USO_EQUIPAMENTO = #{codUsoEquipamento,jdbcType=INTEGER}
  </update>
</mapper>