<?xml version="1.0" encoding="UTF-8" ?>
<!DOCTYPE mapper PUBLIC "-//mybatis.org//DTD Mapper 3.0//EN" "http://mybatis.org/dtd/mybatis-3-mapper.dtd" >
<mapper namespace="br.com.axxiom.ped435.model.dao.dbcon435.dbo.TpesqLocalUtilizadoComIndMapper" >
  <resultMap id="BaseResultMap" type="br.com.axxiom.ped435.model.entidade.dbcon435.dbo.TpesqLocalUtilizadoComInd" >
    <constructor >
      <idArg column="COD_LOCAL_UTILIZADO_COM_IND" jdbcType="VARCHAR" javaType="java.lang.String" />
      <arg column="DES_LOCAL_UTILIZADO_COM_IND" jdbcType="VARCHAR" javaType="java.lang.String" />
    </constructor>
  </resultMap>
  <sql id="Base_Column_List" >
    COD_LOCAL_UTILIZADO_COM_IND, DES_LOCAL_UTILIZADO_COM_IND
  </sql>
  <select id="selectByPrimaryKey" resultMap="BaseResultMap" parameterType="java.lang.String" >
    select 'false' as QUERYID,
    <include refid="Base_Column_List" />
    from DBCON435.dbo.TPESQ_LOCAL_UTILIZADO_COM_IND
    where COD_LOCAL_UTILIZADO_COM_IND = #{codLocalUtilizadoComInd,jdbcType=VARCHAR}
  </select>
  <delete id="deleteByPrimaryKey" parameterType="java.lang.String" >
    delete from DBCON435.dbo.TPESQ_LOCAL_UTILIZADO_COM_IND
    where COD_LOCAL_UTILIZADO_COM_IND = #{codLocalUtilizadoComInd,jdbcType=VARCHAR}
  </delete>
  <insert id="insert" parameterType="br.com.axxiom.ped435.model.entidade.dbcon435.dbo.TpesqLocalUtilizadoComInd" >
    insert into DBCON435.dbo.TPESQ_LOCAL_UTILIZADO_COM_IND (COD_LOCAL_UTILIZADO_COM_IND, DES_LOCAL_UTILIZADO_COM_IND
      )
    values (#{codLocalUtilizadoComInd,jdbcType=VARCHAR}, #{desLocalUtilizadoComInd,jdbcType=VARCHAR}
      )
  </insert>
  <insert id="insertSelective" parameterType="br.com.axxiom.ped435.model.entidade.dbcon435.dbo.TpesqLocalUtilizadoComInd" >
    insert into DBCON435.dbo.TPESQ_LOCAL_UTILIZADO_COM_IND
    <trim prefix="(" suffix=")" suffixOverrides="," >
      <if test="codLocalUtilizadoComInd != null" >
        COD_LOCAL_UTILIZADO_COM_IND,
      </if>
      <if test="desLocalUtilizadoComInd != null" >
        DES_LOCAL_UTILIZADO_COM_IND,
      </if>
    </trim>
    <trim prefix="values (" suffix=")" suffixOverrides="," >
      <if test="codLocalUtilizadoComInd != null" >
        #{codLocalUtilizadoComInd,jdbcType=VARCHAR},
      </if>
      <if test="desLocalUtilizadoComInd != null" >
        #{desLocalUtilizadoComInd,jdbcType=VARCHAR},
      </if>
    </trim>
  </insert>
  <update id="updateByPrimaryKeySelective" parameterType="br.com.axxiom.ped435.model.entidade.dbcon435.dbo.TpesqLocalUtilizadoComInd" >
    update DBCON435.dbo.TPESQ_LOCAL_UTILIZADO_COM_IND
    <set >
      <if test="desLocalUtilizadoComInd != null" >
        DES_LOCAL_UTILIZADO_COM_IND = #{desLocalUtilizadoComInd,jdbcType=VARCHAR},
      </if>
    </set>
    where COD_LOCAL_UTILIZADO_COM_IND = #{codLocalUtilizadoComInd,jdbcType=VARCHAR}
  </update>
  <update id="updateByPrimaryKey" parameterType="br.com.axxiom.ped435.model.entidade.dbcon435.dbo.TpesqLocalUtilizadoComInd" >
    update DBCON435.dbo.TPESQ_LOCAL_UTILIZADO_COM_IND
    set DES_LOCAL_UTILIZADO_COM_IND = #{desLocalUtilizadoComInd,jdbcType=VARCHAR}
    where COD_LOCAL_UTILIZADO_COM_IND = #{codLocalUtilizadoComInd,jdbcType=VARCHAR}
  </update>
</mapper>