<?xml version="1.0" encoding="UTF-8" ?>
<!DOCTYPE mapper PUBLIC "-//mybatis.org//DTD Mapper 3.0//EN" "http://mybatis.org/dtd/mybatis-3-mapper.dtd" >
<mapper namespace="br.com.axxiom.ped435.model.dao.dbcon435.dbo.TpesqRendaMensalFamiliarMapper" >
  <resultMap id="BaseResultMap" type="br.com.axxiom.ped435.model.entidade.dbcon435.dbo.TpesqRendaMensalFamiliar" >
    <constructor >
      <idArg column="COD_RENDA_MENSAL_FAMILIAR" jdbcType="VARCHAR" javaType="java.lang.String" />
      <arg column="DES_RENDA_MENSAL_FAMILIAR" jdbcType="VARCHAR" javaType="java.lang.String" />
    </constructor>
  </resultMap>
  <sql id="Base_Column_List" >
    COD_RENDA_MENSAL_FAMILIAR, DES_RENDA_MENSAL_FAMILIAR
  </sql>
  <select id="selectByPrimaryKey" resultMap="BaseResultMap" parameterType="java.lang.String" >
    select 'false' as QUERYID,
    <include refid="Base_Column_List" />
    from DBCON435.dbo.TPESQ_RENDA_MENSAL_FAMILIAR
    where COD_RENDA_MENSAL_FAMILIAR = #{codRendaMensalFamiliar,jdbcType=VARCHAR}
  </select>
  <delete id="deleteByPrimaryKey" parameterType="java.lang.String" >
    delete from DBCON435.dbo.TPESQ_RENDA_MENSAL_FAMILIAR
    where COD_RENDA_MENSAL_FAMILIAR = #{codRendaMensalFamiliar,jdbcType=VARCHAR}
  </delete>
  <insert id="insert" parameterType="br.com.axxiom.ped435.model.entidade.dbcon435.dbo.TpesqRendaMensalFamiliar" >
    insert into DBCON435.dbo.TPESQ_RENDA_MENSAL_FAMILIAR (COD_RENDA_MENSAL_FAMILIAR, DES_RENDA_MENSAL_FAMILIAR
      )
    values (#{codRendaMensalFamiliar,jdbcType=VARCHAR}, #{desRendaMensalFamiliar,jdbcType=VARCHAR}
      )
  </insert>
  <insert id="insertSelective" parameterType="br.com.axxiom.ped435.model.entidade.dbcon435.dbo.TpesqRendaMensalFamiliar" >
    insert into DBCON435.dbo.TPESQ_RENDA_MENSAL_FAMILIAR
    <trim prefix="(" suffix=")" suffixOverrides="," >
      <if test="codRendaMensalFamiliar != null" >
        COD_RENDA_MENSAL_FAMILIAR,
      </if>
      <if test="desRendaMensalFamiliar != null" >
        DES_RENDA_MENSAL_FAMILIAR,
      </if>
    </trim>
    <trim prefix="values (" suffix=")" suffixOverrides="," >
      <if test="codRendaMensalFamiliar != null" >
        #{codRendaMensalFamiliar,jdbcType=VARCHAR},
      </if>
      <if test="desRendaMensalFamiliar != null" >
        #{desRendaMensalFamiliar,jdbcType=VARCHAR},
      </if>
    </trim>
  </insert>
  <update id="updateByPrimaryKeySelective" parameterType="br.com.axxiom.ped435.model.entidade.dbcon435.dbo.TpesqRendaMensalFamiliar" >
    update DBCON435.dbo.TPESQ_RENDA_MENSAL_FAMILIAR
    <set >
      <if test="desRendaMensalFamiliar != null" >
        DES_RENDA_MENSAL_FAMILIAR = #{desRendaMensalFamiliar,jdbcType=VARCHAR},
      </if>
    </set>
    where COD_RENDA_MENSAL_FAMILIAR = #{codRendaMensalFamiliar,jdbcType=VARCHAR}
  </update>
  <update id="updateByPrimaryKey" parameterType="br.com.axxiom.ped435.model.entidade.dbcon435.dbo.TpesqRendaMensalFamiliar" >
    update DBCON435.dbo.TPESQ_RENDA_MENSAL_FAMILIAR
    set DES_RENDA_MENSAL_FAMILIAR = #{desRendaMensalFamiliar,jdbcType=VARCHAR}
    where COD_RENDA_MENSAL_FAMILIAR = #{codRendaMensalFamiliar,jdbcType=VARCHAR}
  </update>
</mapper>