<?xml version="1.0" encoding="UTF-8" ?>
<!DOCTYPE mapper PUBLIC "-//mybatis.org//DTD Mapper 3.0//EN" "http://mybatis.org/dtd/mybatis-3-mapper.dtd" >
<mapper namespace="br.com.axxiom.ped435.model.dao.dbcon435.dbo.TpesqRelacaoEquipUsoEquipMapper" >
  <resultMap id="BaseResultMap" type="br.com.axxiom.ped435.model.entidade.dbcon435.dbo.TpesqRelacaoEquipUsoEquip" >
    <constructor >
      <idArg column="COD_USO_EQUIPAMENTO" jdbcType="INTEGER" javaType="java.lang.Integer" />
      <idArg column="COD_EQUIPAMENTO" jdbcType="INTEGER" javaType="java.lang.Integer" />
    </constructor>
  </resultMap>
  <delete id="deleteByPrimaryKey" parameterType="map" >
    delete from DBCON435.dbo.TPESQ_RELACAO_EQUIP_USO_EQUIP
    where COD_USO_EQUIPAMENTO = #{codUsoEquipamento,jdbcType=INTEGER}
      and COD_EQUIPAMENTO = #{codEquipamento,jdbcType=INTEGER}
  </delete>
  <insert id="insert" parameterType="br.com.axxiom.ped435.model.entidade.dbcon435.dbo.TpesqRelacaoEquipUsoEquip" >
    insert into DBCON435.dbo.TPESQ_RELACAO_EQUIP_USO_EQUIP (COD_USO_EQUIPAMENTO, COD_EQUIPAMENTO
      )
    values (#{codUsoEquipamento,jdbcType=INTEGER}, #{codEquipamento,jdbcType=INTEGER}
      )
  </insert>
  <insert id="insertSelective" parameterType="br.com.axxiom.ped435.model.entidade.dbcon435.dbo.TpesqRelacaoEquipUsoEquip" >
    insert into DBCON435.dbo.TPESQ_RELACAO_EQUIP_USO_EQUIP
    <trim prefix="(" suffix=")" suffixOverrides="," >
      <if test="codUsoEquipamento != null" >
        COD_USO_EQUIPAMENTO,
      </if>
      <if test="codEquipamento != null" >
        COD_EQUIPAMENTO,
      </if>
    </trim>
    <trim prefix="values (" suffix=")" suffixOverrides="," >
      <if test="codUsoEquipamento != null" >
        #{codUsoEquipamento,jdbcType=INTEGER},
      </if>
      <if test="codEquipamento != null" >
        #{codEquipamento,jdbcType=INTEGER},
      </if>
    </trim>
  </insert>
</mapper>