<?xml version="1.0" encoding="UTF-8" ?>
<!DOCTYPE mapper PUBLIC "-//mybatis.org//DTD Mapper 3.0//EN" "http://mybatis.org/dtd/mybatis-3-mapper.dtd" >
<mapper namespace="br.com.axxiom.ped435.model.dao.dbcon435.dbo.TpesqEstabelecimentoMapper" >
  <resultMap id="BaseResultMap" type="br.com.axxiom.ped435.model.entidade.dbcon435.dbo.TpesqEstabelecimento" >
    <constructor >
      <idArg column="COD_ESTABELECIMENTO" jdbcType="INTEGER" javaType="java.lang.Integer" />
      <arg column="NUM_UNIDADE_CONSUMIDORA" jdbcType="CHAR" javaType="java.lang.Integer" />
      <arg column="NUM_DDD" jdbcType="INTEGER" javaType="java.lang.Integer" />
      <arg column="NUM_TELEFONE" jdbcType="CHAR" javaType="java.lang.String" />
      <arg column="COD_DOMICILIO" jdbcType="VARCHAR" javaType="java.lang.String" />
      <arg column="VAL_AREA_CONSTRUIDA" jdbcType="DOUBLE" javaType="java.lang.Double" />
      <arg column="NUM_MORADORES" jdbcType="INTEGER" javaType="java.lang.Integer" />
      <arg column="NUM_CRIANCAS_MENOR_10_ANOS" jdbcType="INTEGER" javaType="java.lang.Integer" />
      <arg column="NUM_ADOLESCENTES" jdbcType="INTEGER" javaType="java.lang.Integer" />
      <arg column="NUM_APOSENTADOS" jdbcType="INTEGER" javaType="java.lang.Integer" />
      <arg column="NUM_EMPREGADOS_DORMEM" jdbcType="INTEGER" javaType="java.lang.Integer" />
      <arg column="NUM_EMPREGADOS_NAO_DORMEM" jdbcType="INTEGER" javaType="java.lang.Integer" />
      <arg column="COD_GRAU_INSTRUCAO_CHEFE" jdbcType="VARCHAR" javaType="java.lang.String" />
      <arg column="COD_LOCAL_UTILIZADO_COM_IND" jdbcType="VARCHAR" javaType="java.lang.String" />
      <arg column="COD_ESCALA" jdbcType="VARCHAR" javaType="java.lang.String" />
      <arg column="COD_RENDA_MENSAL_FAMILIAR" jdbcType="VARCHAR" javaType="java.lang.String" />
      <arg column="NUM_CONTRIBUINTES" jdbcType="INTEGER" javaType="java.lang.Integer" />
    </constructor>
  </resultMap>
  <sql id="Base_Column_List" >
    COD_ESTABELECIMENTO, NUM_UNIDADE_CONSUMIDORA, NUM_DDD, NUM_TELEFONE, COD_DOMICILIO, 
    VAL_AREA_CONSTRUIDA, NUM_MORADORES, NUM_CRIANCAS_MENOR_10_ANOS, NUM_ADOLESCENTES, 
    NUM_APOSENTADOS, NUM_EMPREGADOS_DORMEM, NUM_EMPREGADOS_NAO_DORMEM, COD_GRAU_INSTRUCAO_CHEFE, 
    COD_LOCAL_UTILIZADO_COM_IND, COD_ESCALA, COD_RENDA_MENSAL_FAMILIAR, NUM_CONTRIBUINTES
  </sql>
  <select id="selectByPrimaryKey" resultMap="BaseResultMap" parameterType="java.lang.Integer" >
    select 'false' as QUERYID,
    <include refid="Base_Column_List" />
    from DBCON435.dbo.TPESQ_ESTABELECIMENTO
    where COD_ESTABELECIMENTO = #{codEstabelecimento,jdbcType=INTEGER}
  </select>
  <delete id="deleteByPrimaryKey" parameterType="java.lang.Integer" >
    delete from DBCON435.dbo.TPESQ_ESTABELECIMENTO
    where COD_ESTABELECIMENTO = #{codEstabelecimento,jdbcType=INTEGER}
  </delete>
  <insert id="insert" parameterType="br.com.axxiom.ped435.model.entidade.dbcon435.dbo.TpesqEstabelecimento" >
    insert into DBCON435.dbo.TPESQ_ESTABELECIMENTO (COD_ESTABELECIMENTO, NUM_UNIDADE_CONSUMIDORA, 
      NUM_DDD, NUM_TELEFONE, COD_DOMICILIO, 
      VAL_AREA_CONSTRUIDA, NUM_MORADORES, NUM_CRIANCAS_MENOR_10_ANOS, 
      NUM_ADOLESCENTES, NUM_APOSENTADOS, NUM_EMPREGADOS_DORMEM, 
      NUM_EMPREGADOS_NAO_DORMEM, COD_GRAU_INSTRUCAO_CHEFE, 
      COD_LOCAL_UTILIZADO_COM_IND, COD_ESCALA, COD_RENDA_MENSAL_FAMILIAR, 
      NUM_CONTRIBUINTES)
    values (#{codEstabelecimento,jdbcType=INTEGER}, #{numUnidadeConsumidora,jdbcType=INTEGER}, 
      #{numDdd,jdbcType=INTEGER}, #{numTelefone,jdbcType=CHAR}, #{codDomicilio,jdbcType=VARCHAR}, 
      #{valAreaConstruida,jdbcType=DOUBLE}, #{numMoradores,jdbcType=INTEGER}, #{numCriancasMenor10Anos,jdbcType=INTEGER}, 
      #{numAdolescentes,jdbcType=INTEGER}, #{numAposentados,jdbcType=INTEGER}, #{numEmpregadosDormem,jdbcType=INTEGER}, 
      #{numEmpregadosNaoDormem,jdbcType=INTEGER}, #{codGrauInstrucaoChefe,jdbcType=VARCHAR}, 
      #{codLocalUtilizadoComInd,jdbcType=VARCHAR}, #{codEscala,jdbcType=VARCHAR}, #{codRendaMensalFamiliar,jdbcType=VARCHAR}, 
      #{numContribuintes,jdbcType=INTEGER})
  </insert>
  <insert id="insertSelective" parameterType="br.com.axxiom.ped435.model.entidade.dbcon435.dbo.TpesqEstabelecimento" >
    insert into DBCON435.dbo.TPESQ_ESTABELECIMENTO
    <trim prefix="(" suffix=")" suffixOverrides="," >
      <if test="codEstabelecimento != null" >
        COD_ESTABELECIMENTO,
      </if>
      <if test="numUnidadeConsumidora != null" >
        NUM_UNIDADE_CONSUMIDORA,
      </if>
      <if test="numDdd != null" >
        NUM_DDD,
      </if>
      <if test="numTelefone != null" >
        NUM_TELEFONE,
      </if>
      <if test="codDomicilio != null" >
        COD_DOMICILIO,
      </if>
      <if test="valAreaConstruida != null" >
        VAL_AREA_CONSTRUIDA,
      </if>
      <if test="numMoradores != null" >
        NUM_MORADORES,
      </if>
      <if test="numCriancasMenor10Anos != null" >
        NUM_CRIANCAS_MENOR_10_ANOS,
      </if>
      <if test="numAdolescentes != null" >
        NUM_ADOLESCENTES,
      </if>
      <if test="numAposentados != null" >
        NUM_APOSENTADOS,
      </if>
      <if test="numEmpregadosDormem != null" >
        NUM_EMPREGADOS_DORMEM,
      </if>
      <if test="numEmpregadosNaoDormem != null" >
        NUM_EMPREGADOS_NAO_DORMEM,
      </if>
      <if test="codGrauInstrucaoChefe != null" >
        COD_GRAU_INSTRUCAO_CHEFE,
      </if>
      <if test="codLocalUtilizadoComInd != null" >
        COD_LOCAL_UTILIZADO_COM_IND,
      </if>
      <if test="codEscala != null" >
        COD_ESCALA,
      </if>
      <if test="codRendaMensalFamiliar != null" >
        COD_RENDA_MENSAL_FAMILIAR,
      </if>
      <if test="numContribuintes != null" >
        NUM_CONTRIBUINTES,
      </if>
    </trim>
    <trim prefix="values (" suffix=")" suffixOverrides="," >
      <if test="codEstabelecimento != null" >
        #{codEstabelecimento,jdbcType=INTEGER},
      </if>
      <if test="numUnidadeConsumidora != null" >
        #{numUnidadeConsumidora,jdbcType=INTEGER},
      </if>
      <if test="numDdd != null" >
        #{numDdd,jdbcType=INTEGER},
      </if>
      <if test="numTelefone != null" >
        #{numTelefone,jdbcType=CHAR},
      </if>
      <if test="codDomicilio != null" >
        #{codDomicilio,jdbcType=VARCHAR},
      </if>
      <if test="valAreaConstruida != null" >
        #{valAreaConstruida,jdbcType=DOUBLE},
      </if>
      <if test="numMoradores != null" >
        #{numMoradores,jdbcType=INTEGER},
      </if>
      <if test="numCriancasMenor10Anos != null" >
        #{numCriancasMenor10Anos,jdbcType=INTEGER},
      </if>
      <if test="numAdolescentes != null" >
        #{numAdolescentes,jdbcType=INTEGER},
      </if>
      <if test="numAposentados != null" >
        #{numAposentados,jdbcType=INTEGER},
      </if>
      <if test="numEmpregadosDormem != null" >
        #{numEmpregadosDormem,jdbcType=INTEGER},
      </if>
      <if test="numEmpregadosNaoDormem != null" >
        #{numEmpregadosNaoDormem,jdbcType=INTEGER},
      </if>
      <if test="codGrauInstrucaoChefe != null" >
        #{codGrauInstrucaoChefe,jdbcType=VARCHAR},
      </if>
      <if test="codLocalUtilizadoComInd != null" >
        #{codLocalUtilizadoComInd,jdbcType=VARCHAR},
      </if>
      <if test="codEscala != null" >
        #{codEscala,jdbcType=VARCHAR},
      </if>
      <if test="codRendaMensalFamiliar != null" >
        #{codRendaMensalFamiliar,jdbcType=VARCHAR},
      </if>
      <if test="numContribuintes != null" >
        #{numContribuintes,jdbcType=INTEGER},
      </if>
    </trim>
  </insert>
  <update id="updateByPrimaryKeySelective" parameterType="br.com.axxiom.ped435.model.entidade.dbcon435.dbo.TpesqEstabelecimento" >
    update DBCON435.dbo.TPESQ_ESTABELECIMENTO
    <set >
      <if test="numUnidadeConsumidora != null" >
        NUM_UNIDADE_CONSUMIDORA = #{numUnidadeConsumidora,jdbcType=INTEGER},
      </if>
      <if test="numDdd != null" >
        NUM_DDD = #{numDdd,jdbcType=INTEGER},
      </if>
      <if test="numTelefone != null" >
        NUM_TELEFONE = #{numTelefone,jdbcType=CHAR},
      </if>
      <if test="codDomicilio != null" >
        COD_DOMICILIO = #{codDomicilio,jdbcType=VARCHAR},
      </if>
      <if test="valAreaConstruida != null" >
        VAL_AREA_CONSTRUIDA = #{valAreaConstruida,jdbcType=DOUBLE},
      </if>
      <if test="numMoradores != null" >
        NUM_MORADORES = #{numMoradores,jdbcType=INTEGER},
      </if>
      <if test="numCriancasMenor10Anos != null" >
        NUM_CRIANCAS_MENOR_10_ANOS = #{numCriancasMenor10Anos,jdbcType=INTEGER},
      </if>
      <if test="numAdolescentes != null" >
        NUM_ADOLESCENTES = #{numAdolescentes,jdbcType=INTEGER},
      </if>
      <if test="numAposentados != null" >
        NUM_APOSENTADOS = #{numAposentados,jdbcType=INTEGER},
      </if>
      <if test="numEmpregadosDormem != null" >
        NUM_EMPREGADOS_DORMEM = #{numEmpregadosDormem,jdbcType=INTEGER},
      </if>
      <if test="numEmpregadosNaoDormem != null" >
        NUM_EMPREGADOS_NAO_DORMEM = #{numEmpregadosNaoDormem,jdbcType=INTEGER},
      </if>
      <if test="codGrauInstrucaoChefe != null" >
        COD_GRAU_INSTRUCAO_CHEFE = #{codGrauInstrucaoChefe,jdbcType=VARCHAR},
      </if>
      <if test="codLocalUtilizadoComInd != null" >
        COD_LOCAL_UTILIZADO_COM_IND = #{codLocalUtilizadoComInd,jdbcType=VARCHAR},
      </if>
      <if test="codEscala != null" >
        COD_ESCALA = #{codEscala,jdbcType=VARCHAR},
      </if>
      <if test="codRendaMensalFamiliar != null" >
        COD_RENDA_MENSAL_FAMILIAR = #{codRendaMensalFamiliar,jdbcType=VARCHAR},
      </if>
      <if test="numContribuintes != null" >
        NUM_CONTRIBUINTES = #{numContribuintes,jdbcType=INTEGER},
      </if>
    </set>
    where COD_ESTABELECIMENTO = #{codEstabelecimento,jdbcType=INTEGER}
  </update>
  <update id="updateByPrimaryKey" parameterType="br.com.axxiom.ped435.model.entidade.dbcon435.dbo.TpesqEstabelecimento" >
    update DBCON435.dbo.TPESQ_ESTABELECIMENTO
    set NUM_UNIDADE_CONSUMIDORA = #{numUnidadeConsumidora,jdbcType=INTEGER},
      NUM_DDD = #{numDdd,jdbcType=INTEGER},
      NUM_TELEFONE = #{numTelefone,jdbcType=CHAR},
      COD_DOMICILIO = #{codDomicilio,jdbcType=VARCHAR},
      VAL_AREA_CONSTRUIDA = #{valAreaConstruida,jdbcType=DOUBLE},
      NUM_MORADORES = #{numMoradores,jdbcType=INTEGER},
      NUM_CRIANCAS_MENOR_10_ANOS = #{numCriancasMenor10Anos,jdbcType=INTEGER},
      NUM_ADOLESCENTES = #{numAdolescentes,jdbcType=INTEGER},
      NUM_APOSENTADOS = #{numAposentados,jdbcType=INTEGER},
      NUM_EMPREGADOS_DORMEM = #{numEmpregadosDormem,jdbcType=INTEGER},
      NUM_EMPREGADOS_NAO_DORMEM = #{numEmpregadosNaoDormem,jdbcType=INTEGER},
      COD_GRAU_INSTRUCAO_CHEFE = #{codGrauInstrucaoChefe,jdbcType=VARCHAR},
      COD_LOCAL_UTILIZADO_COM_IND = #{codLocalUtilizadoComInd,jdbcType=VARCHAR},
      COD_ESCALA = #{codEscala,jdbcType=VARCHAR},
      COD_RENDA_MENSAL_FAMILIAR = #{codRendaMensalFamiliar,jdbcType=VARCHAR},
      NUM_CONTRIBUINTES = #{numContribuintes,jdbcType=INTEGER}
    where COD_ESTABELECIMENTO = #{codEstabelecimento,jdbcType=INTEGER}
  </update>
</mapper>