<?xml version="1.0" encoding="UTF-8" ?>
<!DOCTYPE mapper PUBLIC "-//mybatis.org//DTD Mapper 3.0//EN" "http://mybatis.org/dtd/mybatis-3-mapper.dtd" >
<mapper namespace="br.com.axxiom.ped435.model.dao.dbcon435.dbo.TpesqRelacaoEstabMedEconMapper" >
  <resultMap id="BaseResultMap" type="br.com.axxiom.ped435.model.entidade.dbcon435.dbo.TpesqRelacaoEstabMedEcon" >
    <constructor >
      <idArg column="COD_MEDIDA_ECONOMICA" jdbcType="INTEGER" javaType="java.lang.Integer" />
      <idArg column="COD_ESTABELECIMENTO" jdbcType="INTEGER" javaType="java.lang.Integer" />
    </constructor>
  </resultMap>
  <delete id="deleteByPrimaryKey" parameterType="map" >
    delete from DBCON435.dbo.TPESQ_RELACAO_ESTAB_MED_ECON
    where COD_MEDIDA_ECONOMICA = #{codMedidaEconomica,jdbcType=INTEGER}
      and COD_ESTABELECIMENTO = #{codEstabelecimento,jdbcType=INTEGER}
  </delete>
  <insert id="insert" parameterType="br.com.axxiom.ped435.model.entidade.dbcon435.dbo.TpesqRelacaoEstabMedEcon" >
    insert into DBCON435.dbo.TPESQ_RELACAO_ESTAB_MED_ECON (COD_MEDIDA_ECONOMICA, COD_ESTABELECIMENTO
      )
    values (#{codMedidaEconomica,jdbcType=INTEGER}, #{codEstabelecimento,jdbcType=INTEGER}
      )
  </insert>
  <insert id="insertSelective" parameterType="br.com.axxiom.ped435.model.entidade.dbcon435.dbo.TpesqRelacaoEstabMedEcon" >
    insert into DBCON435.dbo.TPESQ_RELACAO_ESTAB_MED_ECON
    <trim prefix="(" suffix=")" suffixOverrides="," >
      <if test="codMedidaEconomica != null" >
        COD_MEDIDA_ECONOMICA,
      </if>
      <if test="codEstabelecimento != null" >
        COD_ESTABELECIMENTO,
      </if>
    </trim>
    <trim prefix="values (" suffix=")" suffixOverrides="," >
      <if test="codMedidaEconomica != null" >
        #{codMedidaEconomica,jdbcType=INTEGER},
      </if>
      <if test="codEstabelecimento != null" >
        #{codEstabelecimento,jdbcType=INTEGER},
      </if>
    </trim>
  </insert>
</mapper>