<?xml version="1.0" encoding="UTF-8" ?>
<!DOCTYPE mapper PUBLIC "-//mybatis.org//DTD Mapper 3.0//EN" "http://mybatis.org/dtd/mybatis-3-mapper.dtd" >
<mapper namespace="br.com.axxiom.ped435.model.dao.dbcon435.dbo.TpesqGrauInstrucaoChefeMapper" >
  <resultMap id="BaseResultMap" type="br.com.axxiom.ped435.model.entidade.dbcon435.dbo.TpesqGrauInstrucaoChefe" >
    <constructor >
      <idArg column="COD_GRAU_INSTRUCAO_CHEFE" jdbcType="VARCHAR" javaType="java.lang.String" />
      <arg column="DES_GRAU_INSTRUCAO_CHEFE" jdbcType="VARCHAR" javaType="java.lang.String" />
    </constructor>
  </resultMap>
  <sql id="Base_Column_List" >
    COD_GRAU_INSTRUCAO_CHEFE, DES_GRAU_INSTRUCAO_CHEFE
  </sql>
  <select id="selectByPrimaryKey" resultMap="BaseResultMap" parameterType="java.lang.String" >
    select 'false' as QUERYID,
    <include refid="Base_Column_List" />
    from DBCON435.dbo.TPESQ_GRAU_INSTRUCAO_CHEFE
    where COD_GRAU_INSTRUCAO_CHEFE = #{codGrauInstrucaoChefe,jdbcType=VARCHAR}
  </select>
  <delete id="deleteByPrimaryKey" parameterType="java.lang.String" >
    delete from DBCON435.dbo.TPESQ_GRAU_INSTRUCAO_CHEFE
    where COD_GRAU_INSTRUCAO_CHEFE = #{codGrauInstrucaoChefe,jdbcType=VARCHAR}
  </delete>
  <insert id="insert" parameterType="br.com.axxiom.ped435.model.entidade.dbcon435.dbo.TpesqGrauInstrucaoChefe" >
    insert into DBCON435.dbo.TPESQ_GRAU_INSTRUCAO_CHEFE (COD_GRAU_INSTRUCAO_CHEFE, DES_GRAU_INSTRUCAO_CHEFE
      )
    values (#{codGrauInstrucaoChefe,jdbcType=VARCHAR}, #{desGrauInstrucaoChefe,jdbcType=VARCHAR}
      )
  </insert>
  <insert id="insertSelective" parameterType="br.com.axxiom.ped435.model.entidade.dbcon435.dbo.TpesqGrauInstrucaoChefe" >
    insert into DBCON435.dbo.TPESQ_GRAU_INSTRUCAO_CHEFE
    <trim prefix="(" suffix=")" suffixOverrides="," >
      <if test="codGrauInstrucaoChefe != null" >
        COD_GRAU_INSTRUCAO_CHEFE,
      </if>
      <if test="desGrauInstrucaoChefe != null" >
        DES_GRAU_INSTRUCAO_CHEFE,
      </if>
    </trim>
    <trim prefix="values (" suffix=")" suffixOverrides="," >
      <if test="codGrauInstrucaoChefe != null" >
        #{codGrauInstrucaoChefe,jdbcType=VARCHAR},
      </if>
      <if test="desGrauInstrucaoChefe != null" >
        #{desGrauInstrucaoChefe,jdbcType=VARCHAR},
      </if>
    </trim>
  </insert>
  <update id="updateByPrimaryKeySelective" parameterType="br.com.axxiom.ped435.model.entidade.dbcon435.dbo.TpesqGrauInstrucaoChefe" >
    update DBCON435.dbo.TPESQ_GRAU_INSTRUCAO_CHEFE
    <set >
      <if test="desGrauInstrucaoChefe != null" >
        DES_GRAU_INSTRUCAO_CHEFE = #{desGrauInstrucaoChefe,jdbcType=VARCHAR},
      </if>
    </set>
    where COD_GRAU_INSTRUCAO_CHEFE = #{codGrauInstrucaoChefe,jdbcType=VARCHAR}
  </update>
  <update id="updateByPrimaryKey" parameterType="br.com.axxiom.ped435.model.entidade.dbcon435.dbo.TpesqGrauInstrucaoChefe" >
    update DBCON435.dbo.TPESQ_GRAU_INSTRUCAO_CHEFE
    set DES_GRAU_INSTRUCAO_CHEFE = #{desGrauInstrucaoChefe,jdbcType=VARCHAR}
    where COD_GRAU_INSTRUCAO_CHEFE = #{codGrauInstrucaoChefe,jdbcType=VARCHAR}
  </update>
</mapper>