<?xml version="1.0" encoding="UTF-8"?>
<!DOCTYPE configuration
    PUBLIC "-//mybatis.org//DTD Config 3.0//EN"
    "http://mybatis.org/dtd/mybatis-3-config.dtd">
    
<configuration>
	<properties resource="database.properties"/>
	<environments default="DBPED435">
		<environment id="DBPED435">
			<transactionManager type="JDBC"/>
			<dataSource type="POOLED">
				<property name="driver" value="${database.dbped435.driver}"/>
				<property name="url" value="${database.dbped435.url}"/>
				<property name="username" value="${database.dbped435.username}"/>
				<property name="password" value="${database.dbped435.password}"/>
				<property name="defaultAutoCommit" value="false" />
			</dataSource>
		</environment>
		<environment id="DBCON435">
			<transactionManager type="JDBC"/>
			<dataSource type="POOLED">
				<property name="driver" value="${database.dbcon435.driver}"/>
				<property name="url" value="${database.dbcon435.url}"/>
				<property name="username" value="${database.dbcon435.username}"/>
				<property name="password" value="${database.dbcon435.password}"/>
				<property name="defaultAutoCommit" value="false" />
			</dataSource>
		</environment>
	</environments>
	<mappers>
		<!-- http://stackoverflow.com/questions/7557111/mybatis-3-0-5-and-mappers-loading-problem -->
		<mapper resource="\br\com\axxiom\ped435\model\mapper\dbped435\dbo\TValidGrupo13Mapper.xml" />
		<mapper resource="\br\com\axxiom\ped435\model\mapper\dbped435\dbo\TValidGrupo13FDMapper.xml" />
		<mapper resource="\br\com\axxiom\ped435\model\mapper\dbped435\dbo\TValidGrupo13FCMapper.xml" />
		<mapper resource="\br\com\axxiom\ped435\model\mapper\dbped435\dbo\VPesqMapper.xml" />
		<mapper resource="\br\com\axxiom\ped435\model\mapper\dbped435\dbo\TValidSimplefitMapper.xml" />
		<mapper resource="\br\com\axxiom\ped435\model\mapper\dbped435\dbo\TclienteMapper.xml" />
		<mapper resource="\br\com\axxiom\ped435\model\mapper\dbped435\dbo\TclienteMedidorMapper.xml" />
		<mapper resource="\br\com\axxiom\ped435\model\mapper\dbped435\dbo\TequipamentoMapper.xml" />
		<mapper resource="\br\com\axxiom\ped435\model\mapper\dbped435\dbo\TferiadoMapper.xml" />
		<mapper resource="\br\com\axxiom\ped435\model\mapper\dbped435\dbo\TformatoMedicaoMapper.xml" />
		<mapper resource="\br\com\axxiom\ped435\model\mapper\dbped435\dbo\TgrandezaMapper.xml" />
		<mapper resource="\br\com\axxiom\ped435\model\mapper\dbped435\dbo\TmedicaoMapper.xml" />
		<mapper resource="\br\com\axxiom\ped435\model\mapper\dbped435\dbo\TmedidorMapper.xml" />
		<mapper resource="\br\com\axxiom\ped435\model\mapper\dbped435\dbo\TmunicipioFeriadoMapper.xml" />
		<mapper resource="\br\com\axxiom\ped435\model\mapper\dbped435\dbo\TmunicipioMapper.xml" />
		<mapper resource="\br\com\axxiom\ped435\model\mapper\dbped435\dbo\TparametroMedidorMapper.xml" />
		<mapper resource="\br\com\axxiom\ped435\model\mapper\dbped435\dbo\TtemperaturaMapper.xml" />
		<mapper resource="\br\com\axxiom\ped435\model\mapper\dbped435\dbo\TsituacaoMedicaoMapper.xml" />
		<mapper resource="\br\com\axxiom\ped435\model\mapper\dbcon435\dbo\TconsRevTarifariaMapper.xml" />
		<mapper resource="\br\com\axxiom\ped435\model\mapper\dbcon435\dbo\TpesqDomicilioMapper.xml" />
		<mapper resource="\br\com\axxiom\ped435\model\mapper\dbcon435\dbo\TpesqEntrevistadoMapper.xml" />
		<mapper resource="\br\com\axxiom\ped435\model\mapper\dbcon435\dbo\TpesqEntrevistadorMapper.xml" />
		<mapper resource="\br\com\axxiom\ped435\model\mapper\dbcon435\dbo\TpesqEntrevistaMapper.xml" />
		<mapper resource="\br\com\axxiom\ped435\model\mapper\dbcon435\dbo\TpesqEquipamentoMapper.xml" />
		<mapper resource="\br\com\axxiom\ped435\model\mapper\dbcon435\dbo\TpesqEscalaMapper.xml" />
		<mapper resource="\br\com\axxiom\ped435\model\mapper\dbcon435\dbo\TpesqEstabelecimentoMapper.xml" />
		<mapper resource="\br\com\axxiom\ped435\model\mapper\dbcon435\dbo\TpesqGrauInstrucaoChefeMapper.xml" />
		<mapper resource="\br\com\axxiom\ped435\model\mapper\dbcon435\dbo\TpesqLocalUtilizadoComIndMapper.xml" />
		<mapper resource="\br\com\axxiom\ped435\model\mapper\dbcon435\dbo\TpesqMedidaEconomicaMapper.xml" />
		<mapper resource="\br\com\axxiom\ped435\model\mapper\dbcon435\dbo\TpesqRelacaoEquipUsoEquipMapper.xml" />
		<mapper resource="\br\com\axxiom\ped435\model\mapper\dbcon435\dbo\TpesqRelacaoEstabEquipMapper.xml" />
		<mapper resource="\br\com\axxiom\ped435\model\mapper\dbcon435\dbo\TpesqRelacaoEstabMedEconMapper.xml" />
		<mapper resource="\br\com\axxiom\ped435\model\mapper\dbcon435\dbo\TpesqRendaMensalFamiliarMapper.xml" />
		<mapper resource="\br\com\axxiom\ped435\model\mapper\dbcon435\dbo\TpesqTipoMedidaEconomicaMapper.xml" />
		<mapper resource="\br\com\axxiom\ped435\model\mapper\dbcon435\dbo\TpesqUsoEquipamentoMapper.xml" />
	</mappers>
</configuration>