<?xml version="1.0" encoding="UTF-8"?>  
<!DOCTYPE generatorConfiguration  
  PUBLIC "-//mybatis.org//DTD MyBatis Generator Configuration 1.0//EN"  
  "http://mybatis.org/dtd/mybatis-generator-config_1_0.dtd">  
  
<generatorConfiguration>
  <!-- Properties responsavel pela configuracao -->
  <properties resource="database.properties"/>
   
    <!-- JAR JDBC do gestor da Base de dados-->  
  <classPathEntry location="${jar.driver.path}" />  
  
  <!--  Geracao para MyBatis versao 3 -->  
  <context id="db-ped435" targetRuntime="MyBatis3">
  
	<plugin type="org.mybatis.generator.plugins.RenameExampleClassPlugin" >
    	<property name="searchString" value="T$"/>
    	<property name="replaceString" value="^" />
    </plugin>  
      
    <!-- Nao gerar comentarios -->  
    <commentGenerator>  
      <property name="suppressAllComments" value="true"/>  
    </commentGenerator>  
      
      <!--  Parametros de conexao com bd -->  
    <jdbcConnection driverClass="${database.dbcon435.driver}"  
        connectionURL="${database.dbcon435.url}"  
        userId="${database.dbcon435.username}"  
        password="${database.dbcon435.password}">  
    </jdbcConnection>  
  
    <javaModelGenerator targetPackage="br.com.axxiom.ped435.model.entidade" targetProject="src/main/java">  
      <property name="enableSubPackages" value="true" />  
    </javaModelGenerator>  
  
    <sqlMapGenerator targetPackage="br.com.axxiom.ped435.model.mapper"  targetProject="src/main/java">  
      <property name="enableSubPackages" value="true" />  
    </sqlMapGenerator>  
      
    <!-- Tambem podemos indicar o tipo ANNOTATEDMAPPER, porem preferi o XMLMAPPER -->  
    <javaClientGenerator type="XMLMAPPER" targetPackage="br.com.axxiom.ped435.model.dao"  targetProject="src/main/java">  
      <property name="enableSubPackages" value="true" />  
    </javaClientGenerator>
  
    <!-- Geramos o código fonte de todas as tabelas evitando a generacao de varios métodos -->  
    <table tableName="%" schema="dbo" catalog="DBCON435" enableCountByExample="false" enableDeleteByExample="false"   
           enableUpdateByExample="false" selectByPrimaryKeyQueryId="false"   
           selectByExampleQueryId="false" enableSelectByExample="false" modelType="flat">  
      <property name="useActualColumnNames" value="false"/>      
      <property name="constructorBased" value="true"/>      
      <columnRenamingRule searchString="^CAT_|EMP_" replaceString="" />            
    </table>    
   </context>  
</generatorConfiguration>  